{"type":"FeatureCollection", "features": [
{"type":"Feature","geometry":{"type":"Polygon","coordinates":[[[-74.1307544629999,4.593353347000061],[-74.12829044699993,4.5926531880000425],[-74.12447142399992,4.589959367000063],[-74.11686321099995,4.58844715500004],[-74.1150545079999,4.588328691000072],[-74.11006554099993,4.588659263000068],[-74.10888231099995,4.58922836000005],[-74.10266081399993,4.581372499000054],[-74.09458245899992,4.575796995000076],[-74.09036176199993,4.581405630000063],[-74.0849308679999,4.589319823000039],[-74.0890048949999,4.591819547000057],[-74.0907160509999,4.592532264000056],[-74.09908454899994,4.594919370000071],[-74.10320447299995,4.594661256000052],[-74.10402826599994,4.595840775000056],[-74.10707300599995,4.598243989000082],[-74.10909525399995,4.597829421000085],[-74.11463335799994,4.595384611000043],[-74.1209023959999,4.593784475000064],[-74.12635175499992,4.593251218000091],[-74.1307544629999,4.593353347000061]]]},"properties":{"LocNombre":"ANTONIO NARIÑO","LocCodigo":"15"}},
{"type":"Feature","geometry":{"type":"Polygon","coordinates":[[[-74.13776618399993,4.594885111000053],[-74.14258561399993,4.595472765000068],[-74.14694430399993,4.594956015000093],[-74.1522637029999,4.595686897000064],[-74.15282334499994,4.594466216000058],[-74.15412884299991,4.593462269000042],[-74.15418739699993,4.592856341000072],[-74.15332267199994,4.592181984000092],[-74.15205461799991,4.593044121000048],[-74.15121720199994,4.591988126000047],[-74.15138850199992,4.59140020600006],[-74.15282292599994,4.591460801000039],[-74.15335596099993,4.590872954000076],[-74.15425967099992,4.591257839000093],[-74.1548238119999,4.59053969200005],[-74.15649723199994,4.590018011000041],[-74.15695650499993,4.588703541000086],[-74.15504380399994,4.587933216000067],[-74.15332112399994,4.587904404000085],[-74.15305144199993,4.587441271000046],[-74.15338713599994,4.586717477000093],[-74.15306973899993,4.586379134000083],[-74.1522151559999,4.586690429000043],[-74.15175791799993,4.5874174710000375],[-74.15264790099991,4.588696558000038],[-74.15138329899992,4.5889587000000915],[-74.15049479699991,4.587985612000068],[-74.1511853369999,4.586182026000074],[-74.1519164099999,4.585942553000052],[-74.1521550569999,4.585407672000088],[-74.1514950689999,4.584831897000072],[-74.15059129799994,4.58452116400008],[-74.15138845199994,4.583777315000077],[-74.15148486899994,4.583058958000038],[-74.15111426999994,4.582574923000038],[-74.15074360099993,4.582473085000061],[-74.14983482999992,4.583008035000091],[-74.14932516599993,4.582930419000093],[-74.14842153299992,4.583309790000044],[-74.1472158599999,4.581947291000063],[-74.14761109699992,4.581293062000043],[-74.14876821699994,4.581782897000039],[-74.14931433599992,4.58145408900009],[-74.1496522889999,4.580354524000086],[-74.14943384599991,4.5794399820000535],[-74.14999024299993,4.578326785000058],[-74.14871701699991,4.576470226000083],[-74.1483552119999,4.576932649000071],[-74.14877506899995,4.577662237000084],[-74.14835520399993,4.578080168000042],[-74.14790121399994,4.577669081000067],[-74.14767594699993,4.576939494000044],[-74.14705812599993,4.57649422500009],[-74.14772374599994,4.575315919000047],[-74.14759404799992,4.574740499000086],[-74.14780566999991,4.574356818000069],[-74.14744732499992,4.573743683000089],[-74.14706497499992,4.573788243000081],[-74.14683286999991,4.574582937000059],[-74.14650857899994,4.574795290000054],[-74.1459931519999,4.57449041600006],[-74.14561433299991,4.573438865000071],[-74.14483950499994,4.573010682000074],[-74.14368575799995,4.574305430000038],[-74.14384957999994,4.575144623000085],[-74.14304060699993,4.575757741000075],[-74.14309520499995,4.57662094300008],[-74.14261755599995,4.577316764000045],[-74.14212232299991,4.57730016000005],[-74.14096114599994,4.5760741620000545],[-74.14088958899993,4.575273460000062],[-74.14210583499994,4.574218687000041],[-74.14281570899993,4.574146946000042],[-74.14324501899995,4.572827117000088],[-74.14256816499994,4.571855152000069],[-74.14180318799993,4.571722584000042],[-74.14200130899991,4.570750702000055],[-74.14046045499992,4.570469039000045],[-74.1404934819999,4.569281690000082],[-74.14111538599991,4.569303805000061],[-74.14170970799995,4.568845486000043],[-74.14046049399991,4.568326329000058],[-74.14069260899993,4.567243503000043],[-74.14050819599993,4.565068092000047],[-74.13919658499992,4.56369703200005],[-74.13791915599995,4.563441075000071],[-74.13747286499995,4.5623532920000684],[-74.13387728499993,4.560712534000061],[-74.1341968289999,4.558893770000054],[-74.13398708499994,4.55746326600007],[-74.13525832199991,4.557141269000056],[-74.1345672029999,4.556354815000077],[-74.13365389199993,4.556441515000074],[-74.13319105199992,4.556218551000086],[-74.13388777799992,4.555187152000087],[-74.13196919199993,4.552638315000081],[-74.13207409899991,4.550920532000077],[-74.13238107699993,4.55048142000004],[-74.13224393899992,4.549917791000041],[-74.13167576299992,4.549373780000053],[-74.13021938299994,4.5497341840000445],[-74.12880870099991,4.549340920000077],[-74.12783556999995,4.549753809000038],[-74.12684937599994,4.549445723000076],[-74.12536366799992,4.547505709000063],[-74.12549437299992,4.5469027510000615],[-74.1261540029999,4.546175240000082],[-74.1265458339999,4.546273630000087],[-74.12693981599995,4.5472165740000605],[-74.12938675899994,4.546791452000093],[-74.12997784299995,4.546037806000072],[-74.12838436099992,4.5450218670000595],[-74.12681039199992,4.5455199020000805],[-74.12629442899993,4.545310136000069],[-74.12608585699991,4.5448229940000715],[-74.1238684409999,4.544489567000085],[-74.12114808099994,4.545429557000091],[-74.1215727309999,4.556171378000045],[-74.12233247599994,4.557988350000073],[-74.12373051899993,4.559735359000058],[-74.12484957799995,4.56219795700008],[-74.1250657089999,4.5636894800000505],[-74.12663298199993,4.566491781000082],[-74.12662395599995,4.566943752000043],[-74.1252557979999,4.569567335000045],[-74.12827538999994,4.580193335000047],[-74.12941598499992,4.580078215000071],[-74.13087511499992,4.585899686000062],[-74.12860974499995,4.586644792000072],[-74.12829044699993,4.5926531880000425],[-74.1307544629999,4.593353347000061],[-74.13776618399993,4.594885111000053]]]},"properties":{"LocNombre":"TUNJUELITO","LocCodigo":"06"}},
{"type":"Feature","geometry":{"type":"Polygon","coordinates":[[[-74.09458245899992,4.575796995000076],[-74.10266081399993,4.581372499000054],[-74.10888231099995,4.58922836000005],[-74.11006554099993,4.588659263000068],[-74.1150545079999,4.588328691000072],[-74.11686321099995,4.58844715500004],[-74.12447142399992,4.589959367000063],[-74.12829044699993,4.5926531880000425],[-74.12860974499995,4.586644792000072],[-74.13087511499992,4.585899686000062],[-74.12941598499992,4.580078215000071],[-74.12827538999994,4.580193335000047],[-74.1252557979999,4.569567335000045],[-74.12662395599995,4.566943752000043],[-74.12663298199993,4.566491781000082],[-74.1250657089999,4.5636894800000505],[-74.12484957799995,4.56219795700008],[-74.12373051899993,4.559735359000058],[-74.12233247599994,4.557988350000073],[-74.1215727309999,4.556171378000045],[-74.12114808099994,4.545429557000091],[-74.11893267399995,4.542734346000088],[-74.11825579099991,4.5421628490000785],[-74.1177316539999,4.542264658000079],[-74.11725729099993,4.541940978000071],[-74.11632893899991,4.540643765000084],[-74.11561819199994,4.540387937000048],[-74.11256749799992,4.5403771080000865],[-74.1127032629999,4.54131559800004],[-74.1123824149999,4.541682810000054],[-74.11012665399994,4.5399770200000376],[-74.10879632399991,4.5393595900000605],[-74.1066123249999,4.5394682080000734],[-74.10513850799992,4.537624408000056],[-74.1029276459999,4.536512966000089],[-74.10155485999991,4.537150223000083],[-74.10106906499993,4.536453580000057],[-74.10070527899995,4.536931658000071],[-74.10009375599992,4.536856685000089],[-74.09897130199994,4.53530746000007],[-74.09858843799992,4.534940483000071],[-74.0981482649999,4.534945819000086],[-74.09884364499993,4.53721160300006],[-74.09989424499992,4.53789783600007],[-74.10080248999992,4.5404241560000855],[-74.10135320099994,4.540714235000053],[-74.10118661299992,4.540957089000074],[-74.10348828899993,4.544795714000088],[-74.10371321999992,4.5455179700000485],[-74.10229740799991,4.545970307000061],[-74.10317934699992,4.5469269630000895],[-74.10273367699995,4.548944573000085],[-74.10293353799995,4.549931585000081],[-74.10176154299995,4.555905401000075],[-74.10417619299994,4.56114232200008],[-74.10569911599993,4.56283274000009],[-74.10627167599995,4.563896818000046],[-74.1043400289999,4.56488580000007],[-74.09458245899992,4.575796995000076]]]},"properties":{"LocNombre":"RAFAEL URIBE URIBE","LocCodigo":"18"}},
{"type":"Feature","geometry":{"type":"Polygon","coordinates":[[[-74.0662087259999,4.603171742000086],[-74.0671572789999,4.602725623000083],[-74.06794472399991,4.601557695000054],[-74.06859288999993,4.601122497000063],[-74.07106740699993,4.6006093330000795],[-74.07263071999995,4.600948889000051],[-74.07482020599991,4.602229610000052],[-74.0766983449999,4.602111298000068],[-74.08144463499991,4.594588259000091],[-74.0806290939999,4.591689828000085],[-74.0794186089999,4.591003331000081],[-74.07806067999991,4.591129987000045],[-74.07569126299995,4.589801830000056],[-74.07412399899994,4.589901891000068],[-74.07278295799995,4.5889887400000475],[-74.0722772659999,4.5891058190000535],[-74.07129623899993,4.589949929000056],[-74.0705791179999,4.59145656000004],[-74.06832146399995,4.589936039000065],[-74.0680812029999,4.590469904000088],[-74.06831005299995,4.5906196470000395],[-74.06798369199993,4.590817912000091],[-74.0682809409999,4.591011094000066],[-74.06820390899992,4.591934947000084],[-74.0678089079999,4.592297328000086],[-74.06807225199992,4.592360423000059],[-74.06829015299991,4.593576145000043],[-74.06733311099993,4.594877262000068],[-74.0668177359999,4.596694411000044],[-74.06636874599991,4.597285101000068],[-74.06593204899991,4.597552560000054],[-74.06509719899992,4.597251466000046],[-74.0647117279999,4.597414685000047],[-74.0650447889999,4.599056393000069],[-74.06429638199995,4.599701851000077],[-74.06344559399992,4.599190631000056],[-74.06219155999992,4.600231843000074],[-74.06137914199991,4.6000814170000695],[-74.0609146029999,4.600570731000062],[-74.05962687999994,4.60089376600007],[-74.05926130599994,4.601382841000088],[-74.0595505469999,4.601978393000081],[-74.06231439899994,4.603264548000084],[-74.06405658999995,4.603038538000078],[-74.06499943199992,4.6034092770000825],[-74.0662087259999,4.603171742000086]]]},"properties":{"LocNombre":"CANDELARIA","LocCodigo":"17"}},
{"type":"Feature","geometry":{"type":"Polygon","coordinates":[[[-74.0572470319999,4.686836296000081],[-74.06545401099993,4.689104934000056],[-74.06908715899993,4.689659400000039],[-74.07115508499993,4.68935541400009],[-74.07274906099991,4.688753629000075],[-74.07732779199995,4.685359689000052],[-74.08517844999994,4.678943195000045],[-74.08935431299994,4.671710759000064],[-74.09371541699994,4.666065227000047],[-74.0917095719999,4.663999893000039],[-74.0854554849999,4.654830556000093],[-74.0836132089999,4.65334628100004],[-74.08052214999992,4.652416741000081],[-74.06463473999992,4.649647362000053],[-74.06383494199991,4.6533135360000415],[-74.06251128899993,4.65572753400005],[-74.0572470319999,4.686836296000081]]]},"properties":{"LocNombre":"BARRIOS UNIDOS","LocCodigo":"12"}},
{"type":"Feature","geometry":{"type":"Polygon","coordinates":[[[-74.09371541699994,4.666065227000047],[-74.10341575899992,4.653507285000046],[-74.10775446699995,4.647855021000055],[-74.1104452159999,4.645137208000051],[-74.0914515039999,4.625717200000054],[-74.08319894699991,4.624698289000094],[-74.07882820899994,4.623891494000077],[-74.07282911699991,4.6154173320000496],[-74.06989208999994,4.621081909000054],[-74.06840721499992,4.628803970000092],[-74.06463473999992,4.649647362000053],[-74.08052214999992,4.652416741000081],[-74.0836132089999,4.65334628100004],[-74.0854554849999,4.654830556000093],[-74.0917095719999,4.663999893000039],[-74.09371541699994,4.666065227000047]]]},"properties":{"LocNombre":"TEUSAQUILLO","LocCodigo":"13"}},
{"type":"Feature","geometry":{"type":"Polygon","coordinates":[[[-74.11829863999992,4.637411585000052],[-74.11952362199992,4.636108055000079],[-74.12450254299995,4.623924209000052],[-74.1292653989999,4.608854531000077],[-74.13025688399995,4.606957474000069],[-74.13731327499994,4.596211642000071],[-74.13776618399993,4.594885111000053],[-74.1307544629999,4.593353347000061],[-74.12635175499992,4.593251218000091],[-74.1209023959999,4.593784475000064],[-74.11463335799994,4.595384611000043],[-74.10909525399995,4.597829421000085],[-74.10707300599995,4.598243989000082],[-74.10211272999993,4.602005270000063],[-74.09912023899994,4.605019923000043],[-74.08319894699991,4.624698289000094],[-74.0914515039999,4.625717200000054],[-74.1104452159999,4.645137208000051],[-74.11829863999992,4.637411585000052]]]},"properties":{"LocNombre":"PUENTE ARANDA","LocCodigo":"16"}},
{"type":"Feature","geometry":{"type":"Polygon","coordinates":[[[-74.07282911699991,4.6154173320000496],[-74.07882820899994,4.623891494000077],[-74.08319894699991,4.624698289000094],[-74.09912023899994,4.605019923000043],[-74.10211272999993,4.602005270000063],[-74.10707300599995,4.598243989000082],[-74.10402826599994,4.595840775000056],[-74.10320447299995,4.594661256000052],[-74.09908454899994,4.594919370000071],[-74.0907160509999,4.592532264000056],[-74.0890048949999,4.591819547000057],[-74.08319351999995,4.59896208400005],[-74.07670266699995,4.608079412000052],[-74.07282911699991,4.6154173320000496]]]},"properties":{"LocNombre":"LOS MARTIRES","LocCodigo":"14"}},
{"type":"Feature","geometry":{"type":"Polygon","coordinates":[[[-74.2058448919999,4.2696640970000885],[-74.20549161899993,4.2685885010000675],[-74.20570457399992,4.266780010000048],[-74.20605069899995,4.265853082000092],[-74.20761442799994,4.263597074000074],[-74.20717718499992,4.2627032860000895],[-74.20641801599993,4.26220384700008],[-74.2068871919999,4.260357798000086],[-74.20675007999995,4.259379175000049],[-74.20636169599993,4.257431644000064],[-74.20513631999995,4.2549016310000525],[-74.20501629899991,4.252933270000085],[-74.20692116999993,4.25075680100008],[-74.20876481899995,4.247496129000069],[-74.20886545399992,4.246589229000051],[-74.20868606399995,4.245697851000045],[-74.2076956599999,4.244017252000049],[-74.20622164899993,4.242839576000051],[-74.20629206699994,4.241893710000056],[-74.20812525399992,4.241337821000059],[-74.20909370699991,4.241349655000079],[-74.21620748899994,4.236970281000083],[-74.21875570299994,4.232929987000091],[-74.21954663699995,4.229262016000064],[-74.21956053199995,4.226488582000059],[-74.22312906699995,4.223407744000042],[-74.22393057799991,4.222986904000038],[-74.22449025299994,4.222268875000054],[-74.22629572999995,4.221958280000081],[-74.2281138159999,4.221995814000081],[-74.23017881499993,4.218626886000038],[-74.23146475599992,4.217282427000043],[-74.23202953099991,4.214624121000043],[-74.23311083199991,4.212086588000091],[-74.23368623399995,4.207425246000071],[-74.23468475599992,4.205880529000069],[-74.23506295999994,4.204043651000063],[-74.23502257799993,4.202223139000068],[-74.23537538399995,4.201384889000053],[-74.23668416999993,4.200023341000076],[-74.23740077399992,4.196457938000037],[-74.23830566499993,4.196094336000044],[-74.23920641099994,4.196215797000093],[-74.24164848099991,4.197681098000089],[-74.24253244099992,4.197928070000046],[-74.24327615499993,4.197381558000075],[-74.24450100999991,4.19491845500005],[-74.2449704359999,4.191187108000065],[-74.24467184199995,4.189326187000063],[-74.24336006999994,4.188028416000066],[-74.24075382399991,4.18720197600004],[-74.24021807999992,4.186464848000071],[-74.24041541199995,4.1836917420000646],[-74.24124379599994,4.180993956000066],[-74.24122362799994,4.180092260000038],[-74.2401736029999,4.176420960000087],[-74.24005249299995,4.172722793000048],[-74.24019278299994,4.171787145000053],[-74.24156044599994,4.169164513000055],[-74.2420817119999,4.1655017400000816],[-74.2429272569999,4.1627982740000675],[-74.24342245699995,4.15818813900006],[-74.24326707199992,4.156276112000057],[-74.24278536999992,4.1545289940000885],[-74.24296828099995,4.152606160000062],[-74.24357229799995,4.147956270000066],[-74.24493007899991,4.142631003000076],[-74.24562233599994,4.1408685410000885],[-74.24492788399994,4.138031745000092],[-74.24323898299991,4.135637652000071],[-74.24287183599995,4.133664692000082],[-74.24319741099993,4.1307944790000874],[-74.24459395399992,4.127297757000065],[-74.24511316699994,4.118748223000068],[-74.24642432099995,4.114160437000066],[-74.2463841089999,4.1121917990000725],[-74.2452245209999,4.106513250000091],[-74.24524933399994,4.104639976000044],[-74.24580961899994,4.1028746700000625],[-74.24649046399992,4.10223951200004],[-74.2482468149999,4.101763266000091],[-74.2519172609999,4.102076719000081],[-74.2538444459999,4.100139563000084],[-74.25666998799994,4.093902438000043],[-74.25849470799994,4.091722721000053],[-74.26011598199995,4.09081106900004],[-74.26394930299995,4.091240482000046],[-74.26653742499991,4.092465258000061],[-74.26715516599995,4.09323173100006],[-74.26886993799991,4.094088319000093],[-74.27080449099992,4.096158281000044],[-74.27252754299991,4.098540194000066],[-74.2733537499999,4.099125693000076],[-74.2751758629999,4.09934241600007],[-74.28015695399995,4.102057953000042],[-74.28304827699992,4.102405202000057],[-74.28496084599993,4.102278412000089],[-74.29073189799993,4.103246345000059],[-74.29555095199993,4.104206400000066],[-74.29902086099992,4.105645346000074],[-74.29994316599993,4.105602591000093],[-74.30012908399993,4.1065605460000825],[-74.30072289199995,4.107276281000054],[-74.30349862599991,4.108417179000071],[-74.30629031599995,4.110895390000053],[-74.30745478999995,4.11231596600004],[-74.30872144199992,4.1148044610000625],[-74.31046320999991,4.115574989000038],[-74.31191240999993,4.116898309000078],[-74.31707467299992,4.122563936000063],[-74.31917500399993,4.12571739200007],[-74.3227671809999,4.1266811250000615],[-74.32610165099993,4.128498575000037],[-74.32715731899992,4.128805810000074],[-74.32832255599993,4.130260490000069],[-74.33004987499993,4.130883289000053],[-74.33079620399991,4.129250502000048],[-74.3297510079999,4.126660471000093],[-74.3295966579999,4.124728471000083],[-74.33074805099994,4.123274733000073],[-74.33060026999993,4.120545683000046],[-74.33084546599991,4.11964099100004],[-74.33300532299995,4.115359099000045],[-74.33358586499992,4.11458943100007],[-74.3344882959999,4.114416146000053],[-74.33511070999992,4.113730951000093],[-74.3354013419999,4.110013321000054],[-74.33655176899993,4.1085140580000825],[-74.33676852999992,4.107621366000046],[-74.3379494799999,4.106212514000049],[-74.3394985189999,4.10513719700009],[-74.33958042799992,4.103262682000093],[-74.34302751899992,4.10135491300008],[-74.34265475099994,4.100514873000066],[-74.34198850799993,4.0999032030000535],[-74.34203191499995,4.098945970000045],[-74.34504131699993,4.094156060000046],[-74.3449322159999,4.091357866000067],[-74.34517471899994,4.088369881000062],[-74.34684829399993,4.086102173000086],[-74.3465327369999,4.084139526000058],[-74.34788370099994,4.082914808000055],[-74.3477539989999,4.081067659000041],[-74.34871788099991,4.0795168250000415],[-74.3489413609999,4.078630993000047],[-74.34981906899992,4.078432110000051],[-74.35009951399991,4.077552202000049],[-74.3498557879999,4.076670747000094],[-74.35092903799995,4.075200266000081],[-74.35086898799995,4.073375297000041],[-74.35016912499992,4.0727285110000935],[-74.3500622549999,4.071766869000044],[-74.3509931609999,4.070226890000072],[-74.35162380899993,4.067494443000044],[-74.35090837299992,4.0657941800000685],[-74.35110470899991,4.063969967000048],[-74.3504818859999,4.061262600000077],[-74.35111944499994,4.057683975000089],[-74.35148529299994,4.056838859000038],[-74.35395620899993,4.0540888140000675],[-74.35527378699993,4.0519744700000615],[-74.36107459499993,4.048867698000038],[-74.3616398499999,4.048152451000078],[-74.36180934499993,4.047241517000089],[-74.36306069799991,4.045830896000041],[-74.3642878359999,4.043365770000094],[-74.36428059299993,4.041289979000055],[-74.36525838199992,4.0387282600000844],[-74.36659889799995,4.036231856000086],[-74.3661274719999,4.034475334000092],[-74.36481737899993,4.033132741000088],[-74.3651053609999,4.029464276000056],[-74.3635576129999,4.0239698250000515],[-74.3640531019999,4.021191715000043],[-74.36334519399992,4.020564476000061],[-74.3629907639999,4.019729024000071],[-74.36299007999992,4.017846983000084],[-74.3632931969999,4.016995533000056],[-74.36277791299995,4.015126012000053],[-74.36252701099994,4.012274810000065],[-74.36289516499994,4.009454170000083],[-74.36409844399992,4.00493076500004],[-74.36684032199992,4.002417372000082],[-74.36762668199992,3.9997804620000466],[-74.37042533199991,3.9952239270000405],[-74.37066990799991,3.994333978000043],[-74.37051027199993,3.992490023000073],[-74.37112026299991,3.990729995000038],[-74.37214641399993,3.9892621060000693],[-74.37379224099993,3.9885205510000787],[-74.37451162799994,3.9867806680000513],[-74.3743611079999,3.9858832260000554],[-74.3727713749999,3.9847299530000555],[-74.37189267199994,3.9844661800000836],[-74.36971796099994,3.9825971270000764],[-74.36798452599993,3.9819321130000844],[-74.36702918299994,3.9821093480000513],[-74.36611810599993,3.981903389000081],[-74.3635927119999,3.9804934060000505],[-74.36298486599992,3.979778184000054],[-74.36140329199992,3.9763262930000565],[-74.35949985999991,3.974017169000092],[-74.35923443299993,3.973105407000048],[-74.35779397599993,3.971965581000063],[-74.3567488079999,3.9703313670000853],[-74.35626460399993,3.9656550990000596],[-74.35562878999991,3.9639424880000433],[-74.35613828599992,3.962168472000087],[-74.35609820699995,3.9612678790000473],[-74.35700364999991,3.961217176000048],[-74.3569287009999,3.9593418470000756],[-74.35638720199995,3.9575546610000742],[-74.35677342499991,3.9547702180000783],[-74.35597052799994,3.9530814260000398],[-74.35586212999993,3.9521869190000416],[-74.35674016699994,3.9505627910000385],[-74.35627246699994,3.948735280000051],[-74.35673931399992,3.946953826000083],[-74.35475330199995,3.9437950270000783],[-74.35488304199993,3.940989221000052],[-74.3557866459999,3.937181323000061],[-74.35693800099995,3.934671945000048],[-74.35737475999991,3.929167661000065],[-74.35814405899993,3.9274700270000835],[-74.35819450499991,3.9256053920000795],[-74.35892779199992,3.921889672000077],[-74.35973086599995,3.919262520000075],[-74.36075194299991,3.9177402100000904],[-74.3597885929999,3.915031774000056],[-74.35982196899994,3.914039546000083],[-74.3613821699999,3.9096007980000422],[-74.36192410599995,3.9088508680000587],[-74.36354721999993,3.907929511000077],[-74.3635412029999,3.907011624000063],[-74.36304070699993,3.9062618590000397],[-74.3632112109999,3.9044649660000914],[-74.36397423599993,3.9018152310000573],[-74.36501184899993,3.90021300300009],[-74.36516483499992,3.8992201010000826],[-74.36657541699992,3.8980319730000588],[-74.36801786199993,3.8956235670000865],[-74.36940647599994,3.8910888490000843],[-74.37017579299993,3.889402607000079],[-74.37035070499991,3.887411840000084],[-74.3717493069999,3.8861382500000445],[-74.37222071199994,3.883324814000048],[-74.37335371099994,3.8797721690000913],[-74.37459719399993,3.878299901000048],[-74.3753953829999,3.8766762070000595],[-74.3772168399999,3.876477783000041],[-74.37811702199991,3.8747736930000656],[-74.37957944499993,3.873682175000056],[-74.38121517399992,3.873734509000087],[-74.38281715399995,3.872900224000091],[-74.38342771399994,3.8711576560000935],[-74.38313926299992,3.870264516000077],[-74.38357447099992,3.869476920000068],[-74.38447936499995,3.8696535200000426],[-74.38604051199991,3.8686630630000423],[-74.38609531199995,3.867716441000084],[-74.3866478079999,3.8669839760000855],[-74.3873518229999,3.864253602000076],[-74.38728168599994,3.863350014000048],[-74.38639897199994,3.863005759000089],[-74.38599844799995,3.862189967000063],[-74.3865762929999,3.861370485000066],[-74.38743830699991,3.858705900000075],[-74.3875696849999,3.857803755000077],[-74.38679148099993,3.857336195000073],[-74.3869046989999,3.856411380000054],[-74.3881666289999,3.853963047000093],[-74.3895349359999,3.8526077660000624],[-74.3904267389999,3.8509917530000735],[-74.38986066099994,3.8491879490000542],[-74.39020369499991,3.8473761710000645],[-74.39097160799992,3.8468523850000906],[-74.39122533999995,3.845987970000067],[-74.39138252399994,3.8441340600000444],[-74.3911134569999,3.842272001000083],[-74.39259229499993,3.8410930560000907],[-74.3930406529999,3.83932513700006],[-74.39314123199995,3.8374955010000917],[-74.39456029299993,3.834069518000092],[-74.39466117199993,3.8321015180000586],[-74.39624814099994,3.825633820000064],[-74.39616672499994,3.8247362400000497],[-74.39941065499994,3.82117308800008],[-74.40163962299994,3.8194591870000636],[-74.40289215899992,3.818089076000092],[-74.4034434749999,3.8173278020000794],[-74.40386721099992,3.815520053000057],[-74.40470144299991,3.813905263000038],[-74.40638293099994,3.8130505460000563],[-74.40659319999992,3.811230083000055],[-74.40713966699991,3.8104919720000794],[-74.40930904099991,3.80872744800007],[-74.41096318199993,3.8064493770000922],[-74.41304673199994,3.8046982160000766],[-74.41352236299991,3.8039155030000416],[-74.41428693899991,3.80126451600006],[-74.41365079999991,3.8006036850000555],[-74.41338625799995,3.7997331000000827],[-74.41514562599991,3.797643002000086],[-74.41589070499992,3.7971254520000457],[-74.41615983499992,3.796214579000093],[-74.41717388799992,3.7946362710000585],[-74.4205315449999,3.7932324440000684],[-74.4212376779999,3.7905596480000554],[-74.42377563899993,3.7866137990000652],[-74.42524813299991,3.7854234090000887],[-74.42614136999993,3.78574434300009],[-74.42682328399991,3.78639841800009],[-74.42744674799991,3.78571628800006],[-74.42839361799992,3.7854999310000608],[-74.4292385089999,3.785908374000087],[-74.43010169099995,3.7856131030000597],[-74.43274750299992,3.7798210950000453],[-74.43199116199992,3.7793017110000733],[-74.43243123999991,3.778493982000043],[-74.43242194499993,3.7775716340000827],[-74.43171335799991,3.775864851000051],[-74.4332298679999,3.772491159000083],[-74.43333632399992,3.7688210280000476],[-74.4328039209999,3.767052453000076],[-74.4329921989999,3.7652368670000556],[-74.43470272099995,3.7646317180000892],[-74.43754513599993,3.7623989610000876],[-74.4392372129999,3.75919269700006],[-74.43991688499995,3.758596614000055],[-74.44351127999994,3.758218498000076],[-74.44557215299994,3.7563838360000545],[-74.44681152599992,3.7539340420000826],[-74.4476272409999,3.753529318000062],[-74.44963721399995,3.750452461000066],[-74.44977952799991,3.7486323140000763],[-74.4491715289999,3.746814104000066],[-74.4489328219999,3.7440982770000915],[-74.44743921899993,3.741615000000081],[-74.44628461499991,3.7381603800000676],[-74.4445522229999,3.7360098110000877],[-74.4427596399999,3.7355111110000507],[-74.44130311099991,3.734419350000053],[-74.44027043999995,3.7328182450000895],[-74.43854790299991,3.7321229200000516],[-74.43729321599994,3.7310303420000537],[-74.43542563499994,3.7336235920000718],[-74.43123706999995,3.736102649000088],[-74.43057780099991,3.7368414650000545],[-74.42740373399994,3.738841968000088],[-74.42420942099994,3.7422354520000454],[-74.42334829399994,3.7426585030000865],[-74.41602546899992,3.742289079000045],[-74.41429392499992,3.741702812000085],[-74.4115343979999,3.74125157900005],[-74.41078864999992,3.7406917910000743],[-74.40806141799993,3.7406580410000743],[-74.40688407399995,3.739243947000091],[-74.40533141799995,3.7382061410000915],[-74.40442738199994,3.737994196000045],[-74.4007504519999,3.7382653690000893],[-74.40026951699991,3.7390397400000666],[-74.39981654999991,3.7418247540000493],[-74.39941221999993,3.7426945920000776],[-74.39748107299994,3.744697760000065],[-74.3970814349999,3.7455216330000667],[-74.39697072999991,3.7464584970000487],[-74.39783055999993,3.7500582160000704],[-74.39780043899992,3.7527980920000914],[-74.39626788299995,3.7539315660000625],[-74.39455187999994,3.7545482400000765],[-74.39365297099994,3.754565368000044],[-74.3914325149999,3.7528683380000416],[-74.39018622399993,3.7514445140000703],[-74.38917494999993,3.751304044000051],[-74.38830067399994,3.7516529000000673],[-74.38624874999994,3.7536361930000908],[-74.38582555499994,3.754432009000084],[-74.3859784309999,3.755373632000044],[-74.38561908699995,3.757227943000089],[-74.38564902399992,3.7590723570000932],[-74.3864411749999,3.761699646000068],[-74.38821304899994,3.763826409000046],[-74.3890809369999,3.765489070000058],[-74.39280867499991,3.7707922860000735],[-74.39207068299993,3.7713439740000467],[-74.38940386699994,3.7722197600000413],[-74.38611193199995,3.7738277230000676],[-74.38463682999992,3.774971178000044],[-74.38372213899993,3.7750517320000654],[-74.3807804139999,3.7772066180000934],[-74.37982867199992,3.777167772000041],[-74.37896590199995,3.7767541900000765],[-74.37752944599993,3.7755357430000913],[-74.37659069799992,3.775565327000038],[-74.37559922199995,3.777074682000091],[-74.37517648999994,3.7789134070000614],[-74.3761163229999,3.7814853810000386],[-74.37588434199995,3.7823794810000777],[-74.37433166199992,3.785784260000071],[-74.37309470499991,3.78725776400006],[-74.37068490999991,3.7890561750000415],[-74.36888979399993,3.78950971200004],[-74.36738839899994,3.788360067000042],[-74.36643146599994,3.788028906000079],[-74.36553331899995,3.7878751980000516],[-74.36465186799995,3.7882918590000827],[-74.36332006299995,3.7918888750000406],[-74.36073971299993,3.7946190660000525],[-74.35881754099995,3.79798659100004],[-74.35819491899991,3.798691715000075],[-74.35660048999995,3.799711658000092],[-74.35392197699991,3.800679862000038],[-74.35327689399992,3.802423149000049],[-74.3535586289999,3.8060720830000605],[-74.35376053699991,3.8069613250000884],[-74.35521124099995,3.8082850260000782],[-74.35441344899994,3.8087805940000408],[-74.35240243899995,3.8085757530000706],[-74.34967253299993,3.8092625640000506],[-74.34564183599991,3.8129247990000863],[-74.34390357599995,3.813855045000082],[-74.3429546939999,3.8137562460000822],[-74.34130893199995,3.812936402000048],[-74.33979960699992,3.8117512490000536],[-74.3381513999999,3.8140774780000584],[-74.33731449999993,3.8144284770000922],[-74.33634910799992,3.8179374560000383],[-74.3346150289999,3.818787875000055],[-74.33342039699994,3.8223148620000416],[-74.33260213299991,3.822739876000071],[-74.33059572499991,3.8228618490000486],[-74.32982820399991,3.8235374310000907],[-74.32828427399994,3.828000502000066],[-74.32735026099994,3.828078309000091],[-74.3242386469999,3.8259476970000605],[-74.32333313899994,3.8257176160000768],[-74.32155270599992,3.8262490280000634],[-74.32062501099995,3.826058931000091],[-74.31995284899995,3.8254289630000926],[-74.31900687699994,3.823694397000054],[-74.31904082699992,3.821881853000093],[-74.31847626899992,3.8190913820000674],[-74.31860105399994,3.817227183000057],[-74.31831220399994,3.8153418250000755],[-74.31736175499992,3.815459580000038],[-74.3138476499999,3.817160523000041],[-74.31291499499991,3.8170103300000733],[-74.31001590599993,3.8178653120000376],[-74.30730206699991,3.8191014110000765],[-74.3036198769999,3.8186315040000522],[-74.3017534729999,3.819168914000045],[-74.29896479099995,3.818604270000094],[-74.29668580499992,3.8203686680000715],[-74.29504797699991,3.8268211480000787],[-74.2950605449999,3.828667707000079],[-74.2948074809999,3.8295350140000437],[-74.29501097299993,3.830565805000049],[-74.29573052799992,3.8324665740000796],[-74.29753668599994,3.8347620190000384],[-74.29772285599995,3.8357871790000786],[-74.29970946199995,3.8391078010000683],[-74.30133414699992,3.8400246970000467],[-74.30652267999994,3.8406254450000574],[-74.30812142299993,3.8416849160000766],[-74.30823632499994,3.8425849680000397],[-74.3050569209999,3.851243527000065],[-74.30619705999993,3.8547156570000425],[-74.3092252159999,3.8596621650000884],[-74.31235860699991,3.8623227850000603],[-74.31330318499994,3.863983269000073],[-74.31462206399993,3.869559172000038],[-74.3134963409999,3.8713216030000694],[-74.3140814379999,3.873082353000086],[-74.31359881399993,3.8741419860000406],[-74.31561009899991,3.876503254000056],[-74.31645698299991,3.8793920930000922],[-74.31628216299993,3.8803207320000865],[-74.31568946899995,3.8811749320000786],[-74.31354548799993,3.8829408300000523],[-74.31150132699992,3.8862715780000485],[-74.30967041199995,3.888501713000039],[-74.30868280899995,3.88842737300007],[-74.30675591499994,3.885108808000041],[-74.30349033999994,3.883338148000064],[-74.30164712299995,3.8835562860000437],[-74.30078751299993,3.8831953080000403],[-74.29876657999995,3.881097685000043],[-74.29786958799991,3.8810806380000713],[-74.29621538799995,3.884543127000086],[-74.29301364199995,3.8867619870000567],[-74.28956250699991,3.891566072000046],[-74.28656392799991,3.893807804000062],[-74.28549703499993,3.8964619520000383],[-74.28385827199992,3.898766521000084],[-74.28180509799995,3.900641239000038],[-74.27943364099991,3.9058349090000775],[-74.27815638499993,3.9072967910000784],[-74.27607208599994,3.910552947000042],[-74.27507391499995,3.9152419820000546],[-74.27471331299995,3.9208824620000655],[-74.27332421599993,3.9252964070000758],[-74.27105502599994,3.9269131830000674],[-74.2648425669999,3.9294418820000487],[-74.25737278699995,3.9283594360000507],[-74.25647772299993,3.9286690780000413],[-74.25611054399991,3.929517479000083],[-74.25606610599993,3.9314950750000435],[-74.25680530099993,3.9371182210000484],[-74.2578431419999,3.940821063000044],[-74.2577020089999,3.9426668310000537],[-74.25535296599992,3.9441517360000375],[-74.25361914399991,3.944759546000057],[-74.25300858399993,3.945476135000092],[-74.25322853599994,3.946398984000041],[-74.25394865299995,3.9470065080000722],[-74.25951651899993,3.947928718000071],[-74.26005688499993,3.948662365000075],[-74.25951412799992,3.9493961460000833],[-74.25862423199993,3.9496312730000795],[-74.25293647799992,3.9494083930000556],[-74.25117827499992,3.9497181300000648],[-74.24642788999995,3.9524471550000726],[-74.24489630699992,3.9547860330000617],[-74.24420620099994,3.9554109090000793],[-74.24219066799992,3.961687816000051],[-74.24081463199991,3.964419550000059],[-74.2388542349999,3.97067695700008],[-74.23767790999995,3.973233743000094],[-74.23320095199995,3.9782010710000577],[-74.2329085209999,3.9790852600000903],[-74.23324945299993,3.9819784740000728],[-74.2318959719999,3.985498797000048],[-74.2304789719999,3.98811340900005],[-74.22997682599993,3.9919326640000463],[-74.22946704999993,3.9937748420000503],[-74.22783065099992,3.99619651200004],[-74.22376026899991,4.000210822000042],[-74.22059367799994,4.0037945640000885],[-74.21966391199993,4.005484395000053],[-74.21780103799995,4.007519407000075],[-74.2175269629999,4.010278069000037],[-74.2157064239999,4.010934083000052],[-74.21463174899992,4.012413607000042],[-74.21380331699993,4.012963531000082],[-74.2125154599999,4.0132057180000515],[-74.20973681099991,4.011495207000053],[-74.20879829699993,4.011778738000089],[-74.20569699999993,4.013868617000071],[-74.20479854699994,4.0142083370000705],[-74.2038246919999,4.014304758000094],[-74.20115599699994,4.013508882000053],[-74.19777597699994,4.015449947000093],[-74.19484906699995,4.0157847820000825],[-74.19396264099993,4.015430310000056],[-74.19343020199994,4.014660183000046],[-74.1905504309999,4.012076092000086],[-74.18783562099992,4.011167199000056],[-74.1846649009999,4.009094355000059],[-74.18288551699993,4.008260358000086],[-74.1812505549999,4.009403400000053],[-74.17916303099992,4.011441602000048],[-74.17690822399993,4.014654466000081],[-74.1755238099999,4.015975213000047],[-74.17374127399995,4.016290286000071],[-74.16922101199992,4.015327981000041],[-74.16267757999992,4.017027553000048],[-74.16070061999994,4.017095669000071],[-74.15889757999992,4.0177182670000775],[-74.15731672399994,4.015316501000086],[-74.15544989199992,4.0149390480000875],[-74.15405260799992,4.013654727000073],[-74.15302733899995,4.012096706000079],[-74.1530974229999,4.008403766000072],[-74.15264789999992,4.006545736000078],[-74.1515269329999,4.005068964000088],[-74.15026307999995,4.004775112000061],[-74.14946913499995,4.0065149970000675],[-74.14939741099994,4.008387686000049],[-74.1489574009999,4.0102496400000405],[-74.14774930999994,4.01166971300006],[-74.1465879779999,4.016490594000061],[-74.14681055599993,4.018312752000043],[-74.14636905799995,4.019173565000074],[-74.1449719169999,4.0203010810000706],[-74.14396908499992,4.020312625000088],[-74.14312729699992,4.020651326000063],[-74.14152422899991,4.023113417000047],[-74.13837025999993,4.026591955000072],[-74.13791144899994,4.027407566000079],[-74.13766922999991,4.02920920400004],[-74.13791908699994,4.030080931000043],[-74.13744916199994,4.030930863000037],[-74.13679062499995,4.031550811000045],[-74.1350157359999,4.0321614930000464],[-74.13279992999992,4.0353053080000905],[-74.1325683309999,4.036208067000075],[-74.13199551199995,4.036934617000043],[-74.13199078399992,4.037861885000041],[-74.12993916199991,4.040997219000076],[-74.1281168349999,4.045306081000092],[-74.12615005499993,4.051653583000075],[-74.1263784059999,4.054560958000081],[-74.1252728369999,4.055273366000051],[-74.12472985799991,4.057093706000046],[-74.12494644299994,4.05800445400007],[-74.12488110399994,4.060801086000083],[-74.12564057999992,4.063483615000052],[-74.12570628899994,4.068092129000092],[-74.12605115299993,4.069225481000046],[-74.12693054599993,4.069231153000089],[-74.12752579199991,4.069987670000046],[-74.12786442799995,4.072931206000078],[-74.1287438249999,4.072936875000039],[-74.12968845499995,4.074526174000084],[-74.1315096639999,4.076722274000076],[-74.13258988199993,4.079295195000043],[-74.13191014999995,4.082856229000072],[-74.13098457099994,4.084637581000038],[-74.13097949099995,4.085499735000042],[-74.13047703399991,4.0863505790000545],[-74.13052707199995,4.0882121770000595],[-74.13010897099991,4.090976031000082],[-74.12973197899993,4.091839872000094],[-74.12708971599994,4.094785597000055],[-74.12197799099994,4.096632928000076],[-74.12167636799995,4.097985471000072],[-74.12055220999991,4.097378086000049],[-74.11954504399995,4.0979757970000605],[-74.11821710399994,4.100307972000053],[-74.11630857599994,4.100539542000092],[-74.10908176499993,4.10251326100007],[-74.1081280649999,4.1025183000000425],[-74.10730037999991,4.102933517000054],[-74.10593698299994,4.10459052300007],[-74.10430917199994,4.105494399000065],[-74.1016758849999,4.1064428500000645],[-74.10083077399992,4.106443367000054],[-74.09889679999992,4.1084675610000545],[-74.09891925199992,4.109392993000085],[-74.09839537099992,4.110135339000067],[-74.09812625699993,4.112833082000066],[-74.09647357099993,4.115206442000044],[-74.09646788999993,4.116080459000045],[-74.0960289599999,4.1168917360000705],[-74.09478932199994,4.118254942000078],[-74.09242714499993,4.119836716000066],[-74.09175860199991,4.121224250000068],[-74.09098658599993,4.1217479280000475],[-74.09013526899992,4.12174843300005],[-74.08967382299994,4.122565355000063],[-74.09328331499995,4.122974083000088],[-74.09500625699991,4.122196225000039],[-74.09594703099992,4.122315496000056],[-74.09855773899994,4.123546175000058],[-74.0994203109999,4.123551311000085],[-74.1027224309999,4.126941354000053],[-74.10336268299994,4.12821484400007],[-74.10559134599993,4.129831922000051],[-74.10789541899993,4.131404364000048],[-74.10874055699992,4.131409490000067],[-74.10944103899993,4.13243947400008],[-74.11377638599993,4.134128942000075],[-74.11468398399995,4.1341289790000815],[-74.11542105699993,4.134995116000084],[-74.11628307799992,4.135000234000074],[-74.11709387999991,4.135447725000063],[-74.11783095699991,4.136319509000089],[-74.1178252979999,4.137192961000039],[-74.11689962399993,4.139003108000054],[-74.11689396499992,4.13987091000007],[-74.11480633899993,4.141870277000066],[-74.11440286099992,4.142711509000094],[-74.11517577299992,4.148149568000065],[-74.11503132399992,4.152951570000084],[-74.11452440599993,4.154799194000077],[-74.11496439699994,4.155649605000065],[-74.11481517399994,4.156623264000075],[-74.11386113399993,4.158191948000081],[-74.11355530299994,4.1600479500000915],[-74.11243252299994,4.161487811000086],[-74.11271122099993,4.164249175000066],[-74.11097625299993,4.166458291000083],[-74.11021399799995,4.168155476000038],[-74.10945334399992,4.168647039000064],[-74.10918172899994,4.169519666000042],[-74.10980081699995,4.175182287000041],[-74.1102181139999,4.177021577000062],[-74.11119288599991,4.178566703000058],[-74.11117073199995,4.1795841330000485],[-74.1106683939999,4.180397433000053],[-74.11052961199994,4.181313780000039],[-74.11096916999992,4.182141354000066],[-74.11373202499993,4.182202260000054],[-74.11569641999995,4.182566695000048],[-74.1164683749999,4.182063568000046],[-74.11735601099991,4.182255790000056],[-74.11816331699993,4.181803549000051],[-74.11875769199992,4.181000273000052],[-74.11958886899993,4.180599093000069],[-74.12147063399993,4.180513365000081],[-74.12216526999993,4.181154207000077],[-74.12306138299994,4.181500572000061],[-74.12354596499995,4.182276028000047],[-74.12336550599991,4.1840786830000525],[-74.12382371799993,4.184985961000052],[-74.12578440199991,4.187081774000092],[-74.12522021199993,4.192821497000068],[-74.12439420599992,4.194485400000076],[-74.12446772599992,4.1953928090000545],[-74.12613090199994,4.1962532020000936],[-74.12794155099994,4.195717133000073],[-74.13103219899995,4.197744327000066],[-74.13256194099995,4.200143804000049],[-74.13329360299991,4.201898306000089],[-74.13345303699992,4.202792980000083],[-74.13320028099992,4.20375677800007],[-74.13349809199991,4.2046836300000905],[-74.1353614759999,4.204529580000042],[-74.13587549599993,4.205344577000062],[-74.13652423499991,4.208248853000043],[-74.1369811589999,4.209081861000072],[-74.1364381649999,4.210838607000085],[-74.1377481639999,4.21217861100007],[-74.13894927299992,4.21482306300004],[-74.13902875499991,4.215741809000065],[-74.13848593599994,4.216538602000071],[-74.13892977299992,4.217369426000062],[-74.13931268999994,4.217503116000046],[-74.1391735279999,4.218396619000089],[-74.13843772099995,4.218996357000037],[-74.13819604199995,4.2199371310000515],[-74.13810354099991,4.221841303000076],[-74.1376934569999,4.22267607200007],[-74.13792100199993,4.224495377000039],[-74.13635475299992,4.226833376000059],[-74.13608860999994,4.2286601920000635],[-74.13652801899991,4.229476325000064],[-74.13726863399995,4.230116455000086],[-74.14150485599993,4.232297601000084],[-74.14268438899995,4.233725293000077],[-74.14304948499995,4.2345596940000405],[-74.14292509799992,4.235201477000089],[-74.1439390889999,4.236761263000062],[-74.14527042199995,4.240356850000069],[-74.14550476199992,4.2450084790000915],[-74.14599016099993,4.245820571000081],[-74.14833805699993,4.247505284000056],[-74.15095895199994,4.2502725090000695],[-74.15151206899992,4.251059362000092],[-74.15263345499994,4.254702294000083],[-74.15240853899991,4.25565355100008],[-74.14998248499995,4.259671989000083],[-74.14752162699995,4.262691062000044],[-74.14603081699994,4.266185108000059],[-74.1437784439999,4.269402716000059],[-74.14181552199994,4.277784599000086],[-74.14179650099993,4.27872866000007],[-74.14093260399994,4.279319150000049],[-74.13725538499995,4.283421255000064],[-74.13387928399993,4.288170346000072],[-74.13239113899994,4.291732876000083],[-74.1319760209999,4.293645595000044],[-74.13019475099992,4.297184047000087],[-74.12934164099994,4.300021142000048],[-74.12733075799991,4.3043966440000645],[-74.12608001799993,4.305761050000058],[-74.12439849899994,4.306656296000085],[-74.12731927599992,4.306517222000082],[-74.12855928899995,4.305844068000056],[-74.13001215699995,4.305741210000065],[-74.1324045799999,4.306122763000076],[-74.13393950799991,4.305756405000068],[-74.13747838199993,4.30424651800007],[-74.14452897599995,4.29879724500006],[-74.14646672099991,4.296590724000055],[-74.15099784699993,4.2924070330000745],[-74.15795763499995,4.28534889000008],[-74.16049117499995,4.2837157720000505],[-74.16269647699994,4.2831423810000615],[-74.16510325899992,4.283133436000071],[-74.16989997099995,4.2823286140000505],[-74.17246972399994,4.282688525000083],[-74.17805012399992,4.281815423000069],[-74.1834988519999,4.281716488000086],[-74.1854465799999,4.281933435000042],[-74.18822866599993,4.28293823100006],[-74.1891179989999,4.284765992000075],[-74.19071053099992,4.2865880150000635],[-74.19198487799991,4.287402436000093],[-74.19496551999993,4.290119657000048],[-74.20018628699995,4.285413517000052],[-74.20196093999994,4.282826497000087],[-74.20292260699995,4.280399378000084],[-74.20418509399991,4.278256114000044],[-74.20494484799991,4.27606854600009],[-74.2058448919999,4.2696640970000885]]]},"properties":{"LocNombre":"SUMAPAZ","LocCodigo":"20"}},
{"type":"Feature","geometry":{"type":"Polygon","coordinates":[[[-74.01116193799993,4.6645853120000424],[-74.01079505899992,4.664515394000091],[-74.01002462699995,4.6636884110000665],[-74.00878316599994,4.663801333000038],[-74.0082358599999,4.664249064000046],[-74.0068435789999,4.666098457000089],[-74.00653157099993,4.667767691000051],[-74.00312071299993,4.6718504890000645],[-74.0030255339999,4.673014046000048],[-74.00200611399993,4.6746082500000625],[-74.00199361199992,4.675269670000091],[-74.00329906099995,4.677469210000083],[-74.00363568599994,4.6795105470000635],[-74.00501237599991,4.67983818600004],[-74.00620196799991,4.680902070000059],[-74.00945878399995,4.682179079000093],[-74.01117498999992,4.683303562000049],[-74.01101534899993,4.684693511000091],[-74.01164714899994,4.6852571440000474],[-74.01190763499994,4.68599177100009],[-74.0112417229999,4.687132935000079],[-74.0113486219999,4.688906168000074],[-74.0118819779999,4.689881034000052],[-74.01199309899994,4.6910533940000505],[-74.01252006099992,4.691700605000051],[-74.01213324799994,4.691861103000065],[-74.01138306799993,4.693041537000056],[-74.01134975499991,4.693937167000058],[-74.01283215899991,4.69481598100009],[-74.01348651199993,4.69493019500004],[-74.01389577899994,4.69553219900007],[-74.01436952799992,4.69572333900004],[-74.01482632699992,4.697251834000042],[-74.01407941399992,4.697224947000052],[-74.01384354899994,4.698697120000077],[-74.0131403119999,4.699557505000087],[-74.01316051299995,4.700439243000062],[-74.01268548099995,4.701042151000081],[-74.01324829499993,4.7021178110000506],[-74.01236233499992,4.70311167400007],[-74.0119578259999,4.704577422000057],[-74.01165127299993,4.708478152000055],[-74.01137525599995,4.7097725790000595],[-74.01050610099992,4.710796155000082],[-74.0107619499999,4.712545840000075],[-74.0099967669999,4.713336340000069],[-74.0099468219999,4.714726366000093],[-74.0095080989999,4.7156477680000535],[-74.00691158099994,4.716530048000038],[-74.0091687819999,4.7186524540000505],[-74.00842582099995,4.720029222000051],[-74.00816582499994,4.724580398000057],[-74.00710928199993,4.726155163000044],[-74.00670007699995,4.727379833000043],[-74.00800997099992,4.730324972000062],[-74.0074215329999,4.731469882000056],[-74.00843019599995,4.73256792300009],[-74.00828709099994,4.7357777310000415],[-74.00796324999993,4.736129132000087],[-74.0079282239999,4.737659715000063],[-74.0073313279999,4.73920533800009],[-74.00775981099991,4.739635097000075],[-74.00811298199994,4.7407130040000425],[-74.00786927299993,4.741518334000091],[-74.00716676799993,4.742340565000063],[-74.00826769399993,4.744833270000072],[-74.00847827599995,4.74694861100005],[-74.00974652899993,4.748040784000068],[-74.0095085829999,4.748942600000078],[-74.00969900299992,4.749844406000079],[-74.00922537299994,4.750851899000054],[-74.00952890499991,4.751298099000053],[-74.00945133999994,4.75186420600005],[-74.00878901999994,4.753300663000061],[-74.00893352799994,4.754952158000037],[-74.00922253999994,4.7555405040000664],[-74.01001732199995,4.75587080400004],[-74.0105104779999,4.756720638000047],[-74.01224605699991,4.758250786000076],[-74.01206669299995,4.758853228000078],[-74.01238911199994,4.758898507000083],[-74.01249369299995,4.758642365000071],[-74.01292199599993,4.759065909000071],[-74.0127506739999,4.759651256000041],[-74.0145832579999,4.759574900000075],[-74.0159625899999,4.760361010000054],[-74.01603130599995,4.763194744000089],[-74.01692597599992,4.763930403000074],[-74.01715538799994,4.765908507000063],[-74.01814544799993,4.767072728000073],[-74.0183757339999,4.768095325000047],[-74.01804797199992,4.76927376000009],[-74.01737987399991,4.770064967000053],[-74.0175967909999,4.770714404000046],[-74.01744350999991,4.771532781000076],[-74.0165036219999,4.772704665000049],[-74.01659523199993,4.774111521000066],[-74.01600988399991,4.774850345000061],[-74.01571530399991,4.7760389820000455],[-74.01599504099994,4.776811920000057],[-74.01598217999992,4.782959642000037],[-74.01655695799991,4.786456284000053],[-74.01602492299992,4.787872382000046],[-74.0157648789999,4.790923643000042],[-74.01505610399994,4.7932761470000855],[-74.01470592899994,4.79357204300004],[-74.01473636599991,4.794101933000093],[-74.01418490799995,4.794874532000051],[-74.0143882719999,4.795148912000059],[-74.0134339889999,4.7964199010000925],[-74.01324859899995,4.797482033000051],[-74.01279352699993,4.797900818000073],[-74.00860056499994,4.797574061000091],[-74.0072002899999,4.798070264000046],[-74.00633114899995,4.797825627000066],[-74.00607106599995,4.797358523000071],[-74.00599327399993,4.797831832000043],[-74.00506797999992,4.799070804000053],[-74.00503566299994,4.799619818000053],[-74.00291908999992,4.800982160000046],[-74.00189009299993,4.802402461000042],[-74.00128759099994,4.802466431000084],[-74.0012784999999,4.804261000000054],[-74.00040792699991,4.805567857000085],[-74.00103841999993,4.806742411000073],[-74.00261011799995,4.807632516000069],[-74.00358483399992,4.8090698710000765],[-74.00495945199992,4.81026100400004],[-74.0050714329999,4.812566805000074],[-74.00445277299991,4.813554281000052],[-74.00467912899995,4.814163697000083],[-74.00389359999991,4.815790974000038],[-74.00407205899995,4.816219277000073],[-74.00388993599995,4.81692438400006],[-74.0042873989999,4.817700491000039],[-74.0035849759999,4.818559122000067],[-74.0047219999999,4.819892619000086],[-74.0056004889999,4.8216900760000385],[-74.00781568999992,4.82182277000004],[-74.0112682649999,4.821386783000094],[-74.01261044699993,4.821688752000057],[-74.01596237099994,4.82113189100005],[-74.02150191399994,4.822676041000079],[-74.02374318099993,4.821880934000092],[-74.02513746999995,4.822362645000055],[-74.02570467499993,4.8231183550000765],[-74.02981675699994,4.823158707000061],[-74.03359778599992,4.825841291000074],[-74.03376464699994,4.825365057000056],[-74.03449735599992,4.825469352000084],[-74.03500625999993,4.823139531000038],[-74.03508239599995,4.820499262000055],[-74.04213596699992,4.777017083000089],[-74.04672911499995,4.7510469960000705],[-74.04683539799993,4.748819926000067],[-74.0572470319999,4.686836296000081],[-74.0483613859999,4.684975294000083],[-74.03826351999993,4.679968648000056],[-74.03332118799995,4.67777054000004],[-74.03144302899994,4.67733009300008],[-74.03109699599992,4.676923678000094],[-74.0309016779999,4.675880951000067],[-74.03050557799992,4.675580496000066],[-74.02808822299994,4.675470532000077],[-74.02703254799991,4.6758801270000845],[-74.02482479699995,4.675500466000074],[-74.02394378199995,4.675839898000049],[-74.02292506399993,4.674999521000075],[-74.02161481699994,4.6750128870000935],[-74.02058069999993,4.6740212900000415],[-74.01897472599995,4.6738496580000515],[-74.01834492899991,4.672760493000055],[-74.0175231849999,4.672601363000069],[-74.0170773509999,4.672192161000055],[-74.01622919999994,4.670606530000043],[-74.01411420699992,4.669877237000094],[-74.01357083199991,4.669450852000068],[-74.01308149699992,4.668284369000048],[-74.01446750499991,4.667036714000062],[-74.01445999999993,4.666415236000091],[-74.01212901699995,4.666231463000088],[-74.01116193799993,4.6645853120000424]]]},"properties":{"LocNombre":"USAQUEN","LocCodigo":"01"}},
{"type":"Feature","geometry":{"type":"Polygon","coordinates":[[[-74.01116193799993,4.6645853120000424],[-74.01212901699995,4.666231463000088],[-74.01445999999993,4.666415236000091],[-74.01446750499991,4.667036714000062],[-74.01308149699992,4.668284369000048],[-74.01357083199991,4.669450852000068],[-74.01411420699992,4.669877237000094],[-74.01622919999994,4.670606530000043],[-74.0170773509999,4.672192161000055],[-74.0175231849999,4.672601363000069],[-74.01834492899991,4.672760493000055],[-74.01897472599995,4.6738496580000515],[-74.02058069999993,4.6740212900000415],[-74.02161481699994,4.6750128870000935],[-74.02292506399993,4.674999521000075],[-74.02394378199995,4.675839898000049],[-74.02482479699995,4.675500466000074],[-74.02703254799991,4.6758801270000845],[-74.02808822299994,4.675470532000077],[-74.03050557799992,4.675580496000066],[-74.0309016779999,4.675880951000067],[-74.03109699599992,4.676923678000094],[-74.03144302899994,4.67733009300008],[-74.03332118799995,4.67777054000004],[-74.03826351999993,4.679968648000056],[-74.0483613859999,4.684975294000083],[-74.0572470319999,4.686836296000081],[-74.06251128899993,4.65572753400005],[-74.06383494199991,4.6533135360000415],[-74.06463473999992,4.649647362000053],[-74.06840721499992,4.628803970000092],[-74.06757595699992,4.628020732000039],[-74.0674504079999,4.627352616000053],[-74.06666390599992,4.626883017000068],[-74.06516516799991,4.625058274000082],[-74.0624156579999,4.625330169000051],[-74.0596274959999,4.624098887000059],[-74.05669048599992,4.623927095000056],[-74.05533364999991,4.6227488830000425],[-74.0493762179999,4.6216243860000645],[-74.04889748799991,4.619271797000067],[-74.04749422299994,4.61619139600009],[-74.04596967399993,4.6151995800000805],[-74.04558595099991,4.613911401000053],[-74.04358056199993,4.612567038000066],[-74.04077729999995,4.612567800000079],[-74.03973223699995,4.6130426990000615],[-74.03812671399993,4.615015866000078],[-74.03674478399995,4.616088510000054],[-74.03586698499993,4.6175445620000914],[-74.03488668599994,4.6166034500000706],[-74.03328423599993,4.617332622000049],[-74.03153829999991,4.617119262000074],[-74.03238474299991,4.615522531000067],[-74.0314888549999,4.616530135000062],[-74.02907521299994,4.617246377000072],[-74.02809027899991,4.617901705000065],[-74.02529812799992,4.616254330000061],[-74.0239087889999,4.614609744000063],[-74.0216494849999,4.613798747000089],[-74.01786571299994,4.614471188000039],[-74.0159127629999,4.6159294110000815],[-74.0144836369999,4.618138995000038],[-74.01343565899992,4.618631298000082],[-74.01200175399993,4.61824761400004],[-74.01091644699994,4.617116831000089],[-74.00984201099993,4.616891829000053],[-74.0078216149999,4.6156052030000865],[-74.0061327709999,4.615726321000068],[-74.00512102599993,4.616274269000087],[-74.00367045999991,4.616518168000084],[-74.00180487699993,4.615716442000064],[-73.99452854999993,4.614298058000088],[-73.99445711999994,4.614249520000044],[-73.99209285499995,4.616262385000084],[-73.99120851899994,4.617909480000037],[-73.99217313699995,4.620718491000048],[-73.9919538719999,4.621483476000037],[-73.99105812499994,4.62313628600009],[-73.9878009059999,4.626334856000085],[-73.98695980299993,4.627493541000092],[-73.98653427799991,4.629327740000065],[-73.98698119499994,4.630525640000087],[-73.98846561399995,4.629823031000058],[-73.99301115899993,4.630046390000075],[-73.99429378399992,4.629057638000063],[-73.99626119099992,4.628777502000048],[-73.99800311999991,4.6280677270000865],[-73.99886218899991,4.627069764000055],[-73.99937649299994,4.6269062480000684],[-74.00369287399991,4.627096225000059],[-74.00539481599992,4.626392424000073],[-74.00546181399994,4.626070480000067],[-74.0062151759999,4.6256702880000375],[-74.00727329999995,4.625532657000065],[-74.00789924799994,4.625937160000092],[-74.00944634599995,4.626285141000039],[-74.0098091399999,4.626713953000092],[-74.00967589299995,4.6274956960000395],[-74.00915188199991,4.627986544000066],[-74.00970153499992,4.629126543000041],[-74.00934469899994,4.629852026000037],[-74.0095068519999,4.630218723000041],[-74.01043513099995,4.6304263230000515],[-74.01011440399992,4.63148472000006],[-74.0105655719999,4.632401185000049],[-74.01050752899994,4.633349114000055],[-74.00984781499994,4.6352591960000495],[-74.00933971899991,4.638805237000042],[-74.0103073759999,4.638892085000066],[-74.01119888099993,4.638628992000065],[-74.01213042499995,4.63946257200007],[-74.01535317999992,4.639543294000077],[-74.01696004299993,4.6403733280000665],[-74.01767907099992,4.64105876900004],[-74.01881167699992,4.64093794300004],[-74.0219388779999,4.6424548980000395],[-74.02441702699991,4.642430427000079],[-74.02871845299995,4.643022295000037],[-74.03020465199995,4.643755317000057],[-74.03149876899994,4.6449660500000505],[-74.03151282999994,4.645465553000065],[-74.03101978299992,4.646392786000092],[-74.02992249099992,4.647050534000073],[-74.02893572499994,4.647222642000088],[-74.02852844199992,4.6482151930000555],[-74.02846210199993,4.65216797700009],[-74.02939037999994,4.6529035970000905],[-74.02880917199991,4.654267015000073],[-74.02719318599992,4.655871737000041],[-74.02559311699991,4.656782000000078],[-74.02603420899993,4.660211725000067],[-74.02534119199993,4.661701862000086],[-74.0249548669999,4.661965318000057],[-74.02530622799992,4.663124588000073],[-74.0204689599999,4.662757925000051],[-74.01852117999994,4.661907744000075],[-74.01716150899995,4.661951882000039],[-74.01646304099995,4.662258761000089],[-74.0158243429999,4.663129371000082],[-74.01382423199993,4.6641133250000735],[-74.01277806299993,4.664045335000083],[-74.01116193799993,4.6645853120000424]]]},"properties":{"LocNombre":"CHAPINERO","LocCodigo":"02"}},
{"type":"Feature","geometry":{"type":"Polygon","coordinates":[[[-74.02900209199993,4.558300133000046],[-74.02767399999993,4.558304421000059],[-74.02457135499992,4.5560137800000575],[-74.0234841489999,4.5556633750000515],[-74.02237420099993,4.556160627000054],[-74.02181941499992,4.557887980000089],[-74.02099994399993,4.559264300000052],[-74.01810400799991,4.56033225200008],[-74.01145226699992,4.560037396000041],[-74.00836611299991,4.559260304000077],[-74.00662460699994,4.559453805000089],[-74.00683914799993,4.565489238000055],[-74.00582046099993,4.566625176000059],[-74.00544610799994,4.567801499000041],[-74.00444555599995,4.5737811010000655],[-74.00451208999993,4.575341904000084],[-74.00596494599995,4.577599383000063],[-74.00609176499995,4.578617336000093],[-74.00576167999992,4.579422273000091],[-74.00477827899994,4.580306949000089],[-74.0045919499999,4.580863612000087],[-74.00450733199995,4.585068280000087],[-74.00404319899991,4.585760690000086],[-74.00373825699995,4.587116543000093],[-74.0022993149999,4.588584938000054],[-74.00169197699995,4.588866514000074],[-74.00159682299994,4.5892193150000935],[-74.00274503999992,4.59112469300004],[-74.00281970099991,4.592169825000042],[-74.00251519299991,4.592448146000038],[-74.00183690599994,4.591759168000067],[-74.00106207199991,4.59168661800004],[-73.99921433599991,4.592639528000063],[-73.99559453499995,4.5972810560000426],[-73.99498855799993,4.5974105810000765],[-73.99491943299995,4.5984274310000615],[-73.9937398639999,4.600524035000092],[-73.9939384029999,4.602400894000084],[-73.99661395599992,4.606263449000039],[-73.99555623399993,4.607572591000064],[-73.99448511399993,4.609616891000087],[-73.99477245599991,4.613164511000093],[-73.99445711999994,4.614249520000044],[-73.99452854999993,4.614298058000088],[-74.00180487699993,4.615716442000064],[-74.00367045999991,4.616518168000084],[-74.00512102599993,4.616274269000087],[-74.0061327709999,4.615726321000068],[-74.0078216149999,4.6156052030000865],[-74.00984201099993,4.616891829000053],[-74.01091644699994,4.617116831000089],[-74.01200175399993,4.61824761400004],[-74.01343565899992,4.618631298000082],[-74.0144836369999,4.618138995000038],[-74.0159127629999,4.6159294110000815],[-74.01786571299994,4.614471188000039],[-74.0216494849999,4.613798747000089],[-74.0239087889999,4.614609744000063],[-74.02529812799992,4.616254330000061],[-74.02809027899991,4.617901705000065],[-74.02907521299994,4.617246377000072],[-74.0314888549999,4.616530135000062],[-74.03238474299991,4.615522531000067],[-74.03153829999991,4.617119262000074],[-74.03328423599993,4.617332622000049],[-74.03488668599994,4.6166034500000706],[-74.03586698499993,4.6175445620000914],[-74.03674478399995,4.616088510000054],[-74.03812671399993,4.615015866000078],[-74.03973223699995,4.6130426990000615],[-74.04077729999995,4.612567800000079],[-74.04358056199993,4.612567038000066],[-74.04558595099991,4.613911401000053],[-74.04596967399993,4.6151995800000805],[-74.04749422299994,4.61619139600009],[-74.04889748799991,4.619271797000067],[-74.0493762179999,4.6216243860000645],[-74.05533364999991,4.6227488830000425],[-74.05669048599992,4.623927095000056],[-74.0596274959999,4.624098887000059],[-74.0624156579999,4.625330169000051],[-74.06516516799991,4.625058274000082],[-74.06666390599992,4.626883017000068],[-74.0674504079999,4.627352616000053],[-74.06757595699992,4.628020732000039],[-74.06840721499992,4.628803970000092],[-74.06989208999994,4.621081909000054],[-74.07282911699991,4.6154173320000496],[-74.07670266699995,4.608079412000052],[-74.08319351999995,4.59896208400005],[-74.0890048949999,4.591819547000057],[-74.0849308679999,4.589319823000039],[-74.08078624399991,4.58582233900006],[-74.07836070999991,4.581202707000045],[-74.07795179399994,4.5808318330000475],[-74.07759709599992,4.580861456000093],[-74.07780405299991,4.580377020000071],[-74.07720799299994,4.579496880000079],[-74.07542701499995,4.578639138000085],[-74.07550703499993,4.577303777000054],[-74.07402813699991,4.576267392000091],[-74.07289156799993,4.577560517000052],[-74.07279728099991,4.576803903000041],[-74.07213339399993,4.577739272000088],[-74.07157861699994,4.576544869000088],[-74.07121307999995,4.576611353000089],[-74.0704635909999,4.577759490000062],[-74.0699977939999,4.576968624000074],[-74.06922075099993,4.578405668000073],[-74.06941761599995,4.5793895100000555],[-74.06828854199995,4.580893247000063],[-74.06746262299993,4.58079590300008],[-74.06692862099993,4.5812940700000695],[-74.06701970899991,4.582300004000047],[-74.06731488799994,4.582105479000063],[-74.06756386299992,4.582224576000044],[-74.06722577399995,4.582247136000092],[-74.0671868149999,4.582604683000056],[-74.0664672879999,4.5826160370000935],[-74.0662124779999,4.58359678700009],[-74.06563188399991,4.58346952800008],[-74.06534289699994,4.582553545000053],[-74.06494723499992,4.58222881800009],[-74.06364136799994,4.582238754000059],[-74.06274426899995,4.581388455000081],[-74.0624545419999,4.581392218000076],[-74.06203976199993,4.580494963000092],[-74.06070992699995,4.579281839000089],[-74.05903866999995,4.578577678000045],[-74.05638805299992,4.578012329000046],[-74.05390659499994,4.5757448740000655],[-74.04984468399994,4.574340563000078],[-74.0489484929999,4.573540845000082],[-74.04811565099993,4.573327777000088],[-74.04650227799993,4.573455983000088],[-74.04535753099992,4.572933281000076],[-74.04431129099993,4.572053481000069],[-74.04363302299993,4.571925137000051],[-74.04231892199994,4.571926304000044],[-74.04161782099993,4.572321456000054],[-74.04079342299991,4.571635236000077],[-74.04003400399995,4.571937724000065],[-74.0397860839999,4.572341108000046],[-74.0389631239999,4.57242451500008],[-74.0380691769999,4.5716294090000815],[-74.03772283199993,4.5720314990000475],[-74.03737363699992,4.571948814000052],[-74.03695081099994,4.572246521000068],[-74.03614077899994,4.571160746000089],[-74.03558205199994,4.571346401000085],[-74.03456827799994,4.572546112000055],[-74.03369925099992,4.572474986000088],[-74.03166724399995,4.570644927000046],[-74.03167277599994,4.569868498000062],[-74.0324871219999,4.567457774000047],[-74.03146913499995,4.565992501000039],[-74.03100900099992,4.563353709000069],[-74.02932285199995,4.562040486000058],[-74.02900209199993,4.558300133000046]],[[-74.0662087259999,4.603171742000086],[-74.06499943199992,4.6034092770000825],[-74.06405658999995,4.603038538000078],[-74.06231439899994,4.603264548000084],[-74.0595505469999,4.601978393000081],[-74.05926130599994,4.601382841000088],[-74.05962687999994,4.60089376600007],[-74.0609146029999,4.600570731000062],[-74.06137914199991,4.6000814170000695],[-74.06219155999992,4.600231843000074],[-74.06344559399992,4.599190631000056],[-74.06429638199995,4.599701851000077],[-74.0650447889999,4.599056393000069],[-74.0647117279999,4.597414685000047],[-74.06509719899992,4.597251466000046],[-74.06593204899991,4.597552560000054],[-74.06636874599991,4.597285101000068],[-74.0668177359999,4.596694411000044],[-74.06733311099993,4.594877262000068],[-74.06829015299991,4.593576145000043],[-74.06807225199992,4.592360423000059],[-74.0678089079999,4.592297328000086],[-74.06820390899992,4.591934947000084],[-74.0682809409999,4.591011094000066],[-74.06798369199993,4.590817912000091],[-74.06831005299995,4.5906196470000395],[-74.0680812029999,4.590469904000088],[-74.06832146399995,4.589936039000065],[-74.0705791179999,4.59145656000004],[-74.07129623899993,4.589949929000056],[-74.0722772659999,4.5891058190000535],[-74.07278295799995,4.5889887400000475],[-74.07412399899994,4.589901891000068],[-74.07569126299995,4.589801830000056],[-74.07806067999991,4.591129987000045],[-74.0794186089999,4.591003331000081],[-74.0806290939999,4.591689828000085],[-74.08144463499991,4.594588259000091],[-74.0766983449999,4.602111298000068],[-74.07482020599991,4.602229610000052],[-74.07263071999995,4.600948889000051],[-74.07106740699993,4.6006093330000795],[-74.06859288999993,4.601122497000063],[-74.06794472399991,4.601557695000054],[-74.0671572789999,4.602725623000083],[-74.0662087259999,4.603171742000086]]]},"properties":{"LocNombre":"SANTA FE","LocCodigo":"03"}},
{"type":"Feature","geometry":{"type":"Polygon","coordinates":[[[-74.02900209199993,4.558300133000046],[-74.02932285199995,4.562040486000058],[-74.03100900099992,4.563353709000069],[-74.03146913499995,4.565992501000039],[-74.0324871219999,4.567457774000047],[-74.03167277599994,4.569868498000062],[-74.03166724399995,4.570644927000046],[-74.03369925099992,4.572474986000088],[-74.03456827799994,4.572546112000055],[-74.03558205199994,4.571346401000085],[-74.03614077899994,4.571160746000089],[-74.03695081099994,4.572246521000068],[-74.03737363699992,4.571948814000052],[-74.03772283199993,4.5720314990000475],[-74.0380691769999,4.5716294090000815],[-74.0389631239999,4.57242451500008],[-74.0397860839999,4.572341108000046],[-74.04003400399995,4.571937724000065],[-74.04079342299991,4.571635236000077],[-74.04161782099993,4.572321456000054],[-74.04231892199994,4.571926304000044],[-74.04363302299993,4.571925137000051],[-74.04431129099993,4.572053481000069],[-74.04535753099992,4.572933281000076],[-74.04650227799993,4.573455983000088],[-74.04811565099993,4.573327777000088],[-74.0489484929999,4.573540845000082],[-74.04984468399994,4.574340563000078],[-74.05390659499994,4.5757448740000655],[-74.05638805299992,4.578012329000046],[-74.05903866999995,4.578577678000045],[-74.06070992699995,4.579281839000089],[-74.06203976199993,4.580494963000092],[-74.0624545419999,4.581392218000076],[-74.06274426899995,4.581388455000081],[-74.06364136799994,4.582238754000059],[-74.06494723499992,4.58222881800009],[-74.06534289699994,4.582553545000053],[-74.06563188399991,4.58346952800008],[-74.0662124779999,4.58359678700009],[-74.0664672879999,4.5826160370000935],[-74.0671868149999,4.582604683000056],[-74.06722577399995,4.582247136000092],[-74.06756386299992,4.582224576000044],[-74.06731488799994,4.582105479000063],[-74.06701970899991,4.582300004000047],[-74.06692862099993,4.5812940700000695],[-74.06746262299993,4.58079590300008],[-74.06828854199995,4.580893247000063],[-74.06941761599995,4.5793895100000555],[-74.06922075099993,4.578405668000073],[-74.0699977939999,4.576968624000074],[-74.0704635909999,4.577759490000062],[-74.07121307999995,4.576611353000089],[-74.07157861699994,4.576544869000088],[-74.07213339399993,4.577739272000088],[-74.07279728099991,4.576803903000041],[-74.07289156799993,4.577560517000052],[-74.07402813699991,4.576267392000091],[-74.07550703499993,4.577303777000054],[-74.07542701499995,4.578639138000085],[-74.07720799299994,4.579496880000079],[-74.07780405299991,4.580377020000071],[-74.07759709599992,4.580861456000093],[-74.07795179399994,4.5808318330000475],[-74.07836070999991,4.581202707000045],[-74.08078624399991,4.58582233900006],[-74.0849308679999,4.589319823000039],[-74.09036176199993,4.581405630000063],[-74.09458245899992,4.575796995000076],[-74.1043400289999,4.56488580000007],[-74.10627167599995,4.563896818000046],[-74.10569911599993,4.56283274000009],[-74.10417619299994,4.56114232200008],[-74.10176154299995,4.555905401000075],[-74.10293353799995,4.549931585000081],[-74.10273367699995,4.548944573000085],[-74.10317934699992,4.5469269630000895],[-74.10229740799991,4.545970307000061],[-74.10045471399991,4.545206937000046],[-74.09975033699993,4.544528640000067],[-74.09942984999992,4.543739286000061],[-74.09860133899991,4.5430382390000545],[-74.09835954099992,4.542094440000085],[-74.09780717199993,4.541399984000066],[-74.09881054099992,4.5404273270000886],[-74.09780934699995,4.538734608000084],[-74.09765369899992,4.539461850000066],[-74.0969985019999,4.539907842000048],[-74.09679307899995,4.53909857900004],[-74.09577664299991,4.537998435000077],[-74.09585533199993,4.536965327000075],[-74.09522070999992,4.535334284000044],[-74.0953137219999,4.532945750000067],[-74.0943456679999,4.528918297000075],[-74.0943585469999,4.528038219000052],[-74.09456664599992,4.527887109000062],[-74.09436417799992,4.525427432000072],[-74.09411879599992,4.524560045000044],[-74.09355198799994,4.5242582350000475],[-74.0934248289999,4.523375814000076],[-74.09377252599995,4.52256568100006],[-74.09408430399992,4.517772446000038],[-74.09491345499993,4.517272346000084],[-74.09428243499991,4.517277974000081],[-74.0944649299999,4.516945999000086],[-74.08955516299994,4.51709568800004],[-74.09053650599992,4.518182736000085],[-74.09107069499993,4.519684044000087],[-74.08189181799992,4.517817601000047],[-74.08179164199993,4.518230512000059],[-74.08290408699992,4.518543120000061],[-74.08280716799993,4.518747203000089],[-74.08697104799995,4.520041091000053],[-74.08782035899992,4.520647734000079],[-74.08726215999991,4.520915267000078],[-74.08718871399992,4.522215675000041],[-74.08596644199991,4.52311583900007],[-74.08535022699994,4.522941418000073],[-74.0853502839999,4.523833996000064],[-74.08428995399993,4.5244434940000815],[-74.08440739299994,4.525311438000074],[-74.0839971179999,4.525445226000045],[-74.08380930899995,4.526072676000069],[-74.08346286799991,4.526141851000091],[-74.08284936099994,4.527766568000061],[-74.08017384699991,4.526546042000064],[-74.07982502499993,4.527200027000049],[-74.07994193799993,4.527631604000078],[-74.08075841999994,4.528631962000077],[-74.08180982499994,4.529381354000066],[-74.08172543699993,4.530232329000057],[-74.08126990599993,4.530446409000092],[-74.08051575399992,4.530295909000074],[-74.08046277999995,4.5308581880000816],[-74.07988305899994,4.53088362200009],[-74.07994773399992,4.531540616000086],[-74.07968950499992,4.532078899000055],[-74.0797850319999,4.531596463000085],[-74.07929051499991,4.530059053000059],[-74.07855220899995,4.531314310000084],[-74.07841676399994,4.532238059000065],[-74.07773913299991,4.532398166000064],[-74.07720161299994,4.5318891930000404],[-74.07659932799993,4.532037116000083],[-74.07651524399995,4.531847443000061],[-74.07807485099994,4.529164050000077],[-74.07811377899992,4.528433964000044],[-74.07890824299994,4.5278069320000895],[-74.0786996189999,4.527012624000065],[-74.07840478599991,4.527517934000059],[-74.07744896899993,4.527515430000051],[-74.07664119399993,4.527940650000062],[-74.07419637899994,4.5283835190000445],[-74.07383654099993,4.529274953000083],[-74.07325917399993,4.528906328000062],[-74.07243325199994,4.528856704000077],[-74.0701488229999,4.529580310000085],[-74.06854999699993,4.5285443130000544],[-74.0689286519999,4.526725642000088],[-74.07001300699994,4.524569916000075],[-74.06956293699994,4.523628711000072],[-74.07068836999991,4.522938921000048],[-74.07120338999994,4.520295167000086],[-74.07180233299994,4.519543765000037],[-74.07190106199994,4.51516680900005],[-74.07168417899993,4.514712195000072],[-74.0708266709999,4.514460931000087],[-74.0703633789999,4.513818165000089],[-74.0702133819999,4.512933808000071],[-74.07054090899993,4.511765020000041],[-74.07034340999991,4.511427254000068],[-74.06979983799994,4.511248771000055],[-74.06894865599992,4.511922219000041],[-74.06851466799992,4.510005607000039],[-74.06769015499992,4.51035065800005],[-74.06734598999992,4.509977550000087],[-74.0662979249999,4.5106253040000865],[-74.06545026999993,4.510695203000068],[-74.06468348899995,4.511101667000048],[-74.06413308799995,4.510434470000064],[-74.06367946899991,4.511076650000064],[-74.06302780099992,4.5108303340000475],[-74.06287890399994,4.5112929680000775],[-74.0623260619999,4.511100799000076],[-74.06144743699991,4.511774495000054],[-74.05811020099992,4.509432994000065],[-74.0559679129999,4.508321126000055],[-74.05298584299993,4.510494023000092],[-74.05067092299993,4.511417280000046],[-74.04847740499991,4.51122035700007],[-74.04574408799994,4.510068905000082],[-74.04374589299994,4.510043536000069],[-74.04249282599994,4.510554146000061],[-74.04195527399992,4.516110731000083],[-74.04146581299995,4.517748213000061],[-74.04061771499994,4.519129498000041],[-74.04024123599993,4.522300388000076],[-74.03906562599991,4.525031184000056],[-74.03874648399994,4.527343897000094],[-74.03806635799992,4.528637988000071],[-74.0356409609999,4.535582171000044],[-74.03188804199993,4.539429680000069],[-74.0313759899999,4.541267148000088],[-74.03162791799991,4.544219990000045],[-74.03092227199994,4.545610889000045],[-74.02943159799992,4.547525023000048],[-74.02856055299992,4.551456263000091],[-74.02915522699993,4.554194830000085],[-74.02983120599993,4.554757653000081],[-74.02979090299993,4.557106495000085],[-74.02959886299993,4.557875099000057],[-74.02900209199993,4.558300133000046]]]},"properties":{"LocNombre":"SAN CRISTOBAL","LocCodigo":"04"}},
{"type":"Feature","geometry":{"type":"Polygon","coordinates":[[[-74.0559679129999,4.508321126000055],[-74.05811020099992,4.509432994000065],[-74.06144743699991,4.511774495000054],[-74.0623260619999,4.511100799000076],[-74.06287890399994,4.5112929680000775],[-74.06302780099992,4.5108303340000475],[-74.06367946899991,4.511076650000064],[-74.06413308799995,4.510434470000064],[-74.06468348899995,4.511101667000048],[-74.06545026999993,4.510695203000068],[-74.0662979249999,4.5106253040000865],[-74.06734598999992,4.509977550000087],[-74.06769015499992,4.51035065800005],[-74.06851466799992,4.510005607000039],[-74.06894865599992,4.511922219000041],[-74.06979983799994,4.511248771000055],[-74.07034340999991,4.511427254000068],[-74.07054090899993,4.511765020000041],[-74.0702133819999,4.512933808000071],[-74.0703633789999,4.513818165000089],[-74.0708266709999,4.514460931000087],[-74.07168417899993,4.514712195000072],[-74.07190106199994,4.51516680900005],[-74.07180233299994,4.519543765000037],[-74.07120338999994,4.520295167000086],[-74.07068836999991,4.522938921000048],[-74.06956293699994,4.523628711000072],[-74.07001300699994,4.524569916000075],[-74.0689286519999,4.526725642000088],[-74.06854999699993,4.5285443130000544],[-74.0701488229999,4.529580310000085],[-74.07243325199994,4.528856704000077],[-74.07325917399993,4.528906328000062],[-74.07383654099993,4.529274953000083],[-74.07419637899994,4.5283835190000445],[-74.07664119399993,4.527940650000062],[-74.07744896899993,4.527515430000051],[-74.07840478599991,4.527517934000059],[-74.0786996189999,4.527012624000065],[-74.07890824299994,4.5278069320000895],[-74.07811377899992,4.528433964000044],[-74.07807485099994,4.529164050000077],[-74.07651524399995,4.531847443000061],[-74.07659932799993,4.532037116000083],[-74.07720161299994,4.5318891930000404],[-74.07773913299991,4.532398166000064],[-74.07841676399994,4.532238059000065],[-74.07855220899995,4.531314310000084],[-74.07929051499991,4.530059053000059],[-74.0797850319999,4.531596463000085],[-74.07968950499992,4.532078899000055],[-74.07994773399992,4.531540616000086],[-74.07988305899994,4.53088362200009],[-74.08046277999995,4.5308581880000816],[-74.08051575399992,4.530295909000074],[-74.08126990599993,4.530446409000092],[-74.08172543699993,4.530232329000057],[-74.08180982499994,4.529381354000066],[-74.08075841999994,4.528631962000077],[-74.07994193799993,4.527631604000078],[-74.07982502499993,4.527200027000049],[-74.08017384699991,4.526546042000064],[-74.08284936099994,4.527766568000061],[-74.08346286799991,4.526141851000091],[-74.08380930899995,4.526072676000069],[-74.0839971179999,4.525445226000045],[-74.08440739299994,4.525311438000074],[-74.08428995399993,4.5244434940000815],[-74.0853502839999,4.523833996000064],[-74.08535022699994,4.522941418000073],[-74.08596644199991,4.52311583900007],[-74.08718871399992,4.522215675000041],[-74.08726215999991,4.520915267000078],[-74.08782035899992,4.520647734000079],[-74.08697104799995,4.520041091000053],[-74.08280716799993,4.518747203000089],[-74.08290408699992,4.518543120000061],[-74.08179164199993,4.518230512000059],[-74.08189181799992,4.517817601000047],[-74.09107069499993,4.519684044000087],[-74.09053650599992,4.518182736000085],[-74.08955516299994,4.51709568800004],[-74.0944649299999,4.516945999000086],[-74.09428243499991,4.517277974000081],[-74.09491345499993,4.517272346000084],[-74.09408430399992,4.517772446000038],[-74.09377252599995,4.52256568100006],[-74.0934248289999,4.523375814000076],[-74.09355198799994,4.5242582350000475],[-74.09411879599992,4.524560045000044],[-74.09436417799992,4.525427432000072],[-74.09456664599992,4.527887109000062],[-74.0943585469999,4.528038219000052],[-74.0943456679999,4.528918297000075],[-74.0953137219999,4.532945750000067],[-74.09522070999992,4.535334284000044],[-74.09585533199993,4.536965327000075],[-74.09577664299991,4.537998435000077],[-74.09679307899995,4.53909857900004],[-74.0969985019999,4.539907842000048],[-74.09765369899992,4.539461850000066],[-74.09780934699995,4.538734608000084],[-74.09881054099992,4.5404273270000886],[-74.09780717199993,4.541399984000066],[-74.09835954099992,4.542094440000085],[-74.09860133899991,4.5430382390000545],[-74.09942984999992,4.543739286000061],[-74.09975033699993,4.544528640000067],[-74.10045471399991,4.545206937000046],[-74.10229740799991,4.545970307000061],[-74.10371321999992,4.5455179700000485],[-74.10348828899993,4.544795714000088],[-74.10118661299992,4.540957089000074],[-74.10135320099994,4.540714235000053],[-74.10080248999992,4.5404241560000855],[-74.09989424499992,4.53789783600007],[-74.09884364499993,4.53721160300006],[-74.0981482649999,4.534945819000086],[-74.09858843799992,4.534940483000071],[-74.09897130199994,4.53530746000007],[-74.10009375599992,4.536856685000089],[-74.10070527899995,4.536931658000071],[-74.10106906499993,4.536453580000057],[-74.10155485999991,4.537150223000083],[-74.1029276459999,4.536512966000089],[-74.10513850799992,4.537624408000056],[-74.1066123249999,4.5394682080000734],[-74.10879632399991,4.5393595900000605],[-74.11012665399994,4.5399770200000376],[-74.1123824149999,4.541682810000054],[-74.1127032629999,4.54131559800004],[-74.11256749799992,4.5403771080000865],[-74.11561819199994,4.540387937000048],[-74.11632893899991,4.540643765000084],[-74.11725729099993,4.541940978000071],[-74.1177316539999,4.542264658000079],[-74.11825579099991,4.5421628490000785],[-74.11893267399995,4.542734346000088],[-74.12114808099994,4.545429557000091],[-74.1238684409999,4.544489567000085],[-74.12608585699991,4.5448229940000715],[-74.12485451599991,4.544076122000092],[-74.12534429199991,4.542655811000088],[-74.12500147899993,4.541580947000057],[-74.12497215199994,4.53936570500008],[-74.12454452199995,4.537084914000047],[-74.12390452799991,4.53616074100006],[-74.12408418199993,4.534561607000057],[-74.12339197999995,4.533526061000089],[-74.12306578899995,4.532337507000079],[-74.12309045199993,4.529202478000059],[-74.12321327599994,4.527459055000065],[-74.12478656299993,4.52758551900007],[-74.12550957299993,4.526049124000053],[-74.12756326899995,4.524990578000086],[-74.12885642999993,4.524717688000067],[-74.1290023439999,4.52442646500009],[-74.12758026099993,4.522058660000084],[-74.1256103039999,4.520161511000083],[-74.12588636699991,4.518101922000085],[-74.12577835199994,4.5155577930000845],[-74.1273121879999,4.510692523000046],[-74.1267373259999,4.506211804000088],[-74.12813627499992,4.505480831000057],[-74.12846497499993,4.504542031000085],[-74.12684511499992,4.501319849000083],[-74.12559897099993,4.501797398000065],[-74.12448940599995,4.500628152000047],[-74.12273896199991,4.4996988600000805],[-74.12161750699994,4.496665737000058],[-74.1221085869999,4.494879193000088],[-74.12134919499994,4.492998250000085],[-74.1218413869999,4.4923120050000875],[-74.12300747199993,4.491849869000077],[-74.12312109499993,4.491505504000088],[-74.12244727699994,4.491106900000091],[-74.12068574499995,4.491239921000044],[-74.12042521199993,4.49080361700004],[-74.12165247099995,4.4881756730000575],[-74.12129007499993,4.485747110000091],[-74.12177096099992,4.484234812000068],[-74.12262204899992,4.482343238000055],[-74.12350253499994,4.481570918000045],[-74.1245282189999,4.479113451000046],[-74.12545091899995,4.478749227000037],[-74.12697761299995,4.477557780000041],[-74.12841856299991,4.475290974000075],[-74.12979439999992,4.476394132000053],[-74.13031252099995,4.476370672000087],[-74.1306056759999,4.4753902410000705],[-74.13245210999992,4.473204413000076],[-74.13331338799992,4.471418555000071],[-74.13511247799994,4.4687501230000635],[-74.1362987789999,4.4680471260000445],[-74.13680325399991,4.466240833000086],[-74.13787089099992,4.466180602000065],[-74.13826052999991,4.465818780000063],[-74.1384150049999,4.465234603000056],[-74.13775735699994,4.464392759000077],[-74.13764430899994,4.463792195000053],[-74.13839550199992,4.462680033000083],[-74.13951190099993,4.458007456000075],[-74.1404615209999,4.457278617000043],[-74.14086084699994,4.455968647000077],[-74.1416605629999,4.454790114000048],[-74.14212254299991,4.4519757160000495],[-74.14424010899995,4.448276537000083],[-74.14451664199993,4.44414977200006],[-74.14355960099994,4.442228841000087],[-74.14320544399993,4.439884397000071],[-74.14360483099995,4.437734685000066],[-74.14344980899995,4.435848225000086],[-74.14258376399994,4.434020396000051],[-74.14385192199995,4.432967541000039],[-74.1433535139999,4.430756514000052],[-74.14395418899994,4.426522427000066],[-74.14474554499992,4.425755697000056],[-74.14456514999995,4.42298227200007],[-74.14481091199991,4.4216985600000385],[-74.14374154099994,4.420041635000075],[-74.1447141399999,4.418797053000048],[-74.14501808699993,4.41681380600005],[-74.1448408249999,4.415374305000057],[-74.1450441309999,4.415148197000065],[-74.1446113209999,4.413889031000053],[-74.14396145499995,4.413007013000083],[-74.14420089399994,4.410886068000082],[-74.1433105779999,4.408269244000053],[-74.14346724199993,4.407101215000068],[-74.14422484999994,4.405779899000038],[-74.14429086599995,4.404781350000064],[-74.14401584699993,4.40420262300006],[-74.14431978699992,4.4034430890000635],[-74.14426916499991,4.40256387800008],[-74.14379200299993,4.401291290000074],[-74.14384479899991,4.400301433000038],[-74.14339029299992,4.400047103000077],[-74.14352487199994,4.399505694000084],[-74.14317740099995,4.399262073000045],[-74.14329649799993,4.397745740000062],[-74.14289347499994,4.395246704000044],[-74.14241415599992,4.3949822030000405],[-74.14138514799993,4.393434954000043],[-74.14112958399994,4.392087742000058],[-74.14129075699992,4.39158722600007],[-74.14240436599994,4.390533125000047],[-74.14245482699994,4.3884924010000645],[-74.14272377799995,4.387767188000055],[-74.14354741099993,4.3877503340000885],[-74.14445508199992,4.388188850000063],[-74.1460855439999,4.387986480000052],[-74.1468419439999,4.387210678000088],[-74.14761515399994,4.386923969000065],[-74.14802840699991,4.3869364760000735],[-74.14931283999994,4.387767254000039],[-74.1504894599999,4.387143240000057],[-74.1512122389999,4.387227567000082],[-74.15366632399991,4.388796063000086],[-74.15544806299994,4.3893357530000685],[-74.15682638699991,4.389318886000069],[-74.15859132499992,4.39016214600008],[-74.15971751799992,4.38992602400009],[-74.16075966299991,4.389217663000068],[-74.16129754699995,4.389150197000049],[-74.1626926859999,4.389605548000077],[-74.1631314039999,4.389286398000081],[-74.1634960749999,4.388200446000042],[-74.16548905399992,4.38703759200007],[-74.16661286599992,4.385581165000076],[-74.16781127199994,4.385188135000078],[-74.1696495729999,4.385910918000093],[-74.1710149939999,4.386003607000077],[-74.17567234099994,4.388411629000075],[-74.17665143599993,4.388645170000075],[-74.17727112999995,4.388561009000057],[-74.1797564499999,4.385768049000092],[-74.18023636599992,4.3839188710000485],[-74.18154627099995,4.383661868000047],[-74.18429512999995,4.385031459000061],[-74.18552389299992,4.3849222560000385],[-74.18814978599994,4.385268414000052],[-74.19021945399993,4.385890146000065],[-74.1919864649999,4.38602617500004],[-74.1931858019999,4.386730690000093],[-74.19508979799991,4.387137357000086],[-74.1996146919999,4.387129707000042],[-74.20295361599995,4.38611865900009],[-74.21092453199992,4.386906730000078],[-74.21050830599995,4.385418992000041],[-74.21078272599993,4.382079954000062],[-74.21261476399991,4.3787926800000605],[-74.21409856799994,4.376977426000053],[-74.2142128019999,4.376370232000056],[-74.21369940999995,4.375476716000094],[-74.21263254099995,4.37464037400008],[-74.2122045939999,4.37462892800005],[-74.21219898099991,4.374250895000046],[-74.2145730709999,4.371358872000087],[-74.21605694999994,4.368506871000079],[-74.21719836099993,4.366989219000061],[-74.22083892099994,4.364910715000065],[-74.22116997299992,4.36401740000008],[-74.2201893589999,4.358822473000089],[-74.22025236999991,4.356474271000081],[-74.22072066699991,4.353616383000087],[-74.2205901239999,4.348925604000044],[-74.22004262399992,4.347115668000072],[-74.22017398999992,4.345849942000086],[-74.21953536199993,4.343031925000048],[-74.21979825099993,4.340237061000039],[-74.21897709799993,4.337430539000081],[-74.2182125779999,4.33658269700004],[-74.21797886899992,4.335225342000058],[-74.21835017199993,4.332298672000093],[-74.21845357399991,4.327287237000064],[-74.21614689799992,4.318039989000056],[-74.21572936099994,4.312773138000068],[-74.21505427499994,4.309515074000046],[-74.21494239299994,4.3067313570000465],[-74.21432156399993,4.303973173000088],[-74.2154414549999,4.298016117000088],[-74.21500771799992,4.2960011490000625],[-74.2150208999999,4.291929106000055],[-74.21524374899991,4.29060805000006],[-74.21593331199995,4.289386842000056],[-74.21586348799991,4.287802578000083],[-74.21611995099994,4.286849246000088],[-74.2169942729999,4.28551656500008],[-74.22100860699993,4.282667050000043],[-74.22113714699992,4.282170224000083],[-74.21671666799995,4.276782131000061],[-74.2161039419999,4.2748730300000375],[-74.21619204399991,4.273033614000042],[-74.21223634099994,4.2734581580000395],[-74.20961916699991,4.272200446000056],[-74.2058448919999,4.2696640970000885],[-74.20494484799991,4.27606854600009],[-74.20418509399991,4.278256114000044],[-74.20292260699995,4.280399378000084],[-74.20196093999994,4.282826497000087],[-74.20018628699995,4.285413517000052],[-74.19496551999993,4.290119657000048],[-74.19198487799991,4.287402436000093],[-74.19071053099992,4.2865880150000635],[-74.1891179989999,4.284765992000075],[-74.18822866599993,4.28293823100006],[-74.1854465799999,4.281933435000042],[-74.1834988519999,4.281716488000086],[-74.17805012399992,4.281815423000069],[-74.17246972399994,4.282688525000083],[-74.16989997099995,4.2823286140000505],[-74.16510325899992,4.283133436000071],[-74.16269647699994,4.2831423810000615],[-74.16049117499995,4.2837157720000505],[-74.15795763499995,4.28534889000008],[-74.15099784699993,4.2924070330000745],[-74.14646672099991,4.296590724000055],[-74.14452897599995,4.29879724500006],[-74.13747838199993,4.30424651800007],[-74.13393950799991,4.305756405000068],[-74.1324045799999,4.306122763000076],[-74.13001215699995,4.305741210000065],[-74.12855928899995,4.305844068000056],[-74.12731927599992,4.306517222000082],[-74.12439849899994,4.306656296000085],[-74.12070054199995,4.309449319000066],[-74.1190840889999,4.311388228000055],[-74.11692834999991,4.312801550000074],[-74.1151170949999,4.313131131000091],[-74.11457218699991,4.313580370000068],[-74.11403930099993,4.316622509000069],[-74.11433296399991,4.31813601500005],[-74.11203289799994,4.320286759000055],[-74.11144021399991,4.321509505000051],[-74.1110459379999,4.323814021000089],[-74.1091633449999,4.323970298000063],[-74.1069567859999,4.3250350220000655],[-74.10599759899992,4.32749760300004],[-74.10528348699995,4.33053285200009],[-74.10430151599991,4.332817803000069],[-74.10435827799995,4.333739929000046],[-74.10530476399992,4.335802089000083],[-74.10528164999994,4.336769950000075],[-74.10242822099991,4.33896844800006],[-74.09888893599992,4.344969725000055],[-74.09820908499995,4.348033624000038],[-74.09861363499994,4.350072700000055],[-74.09727756799992,4.353044799000088],[-74.0971230259999,4.354390682000087],[-74.09776119499992,4.3573748590000605],[-74.09518104799992,4.361045344000047],[-74.09444982899993,4.364212375000079],[-74.09445476299993,4.366749589000051],[-74.09525825999992,4.369911316000071],[-74.09614233099995,4.371108670000069],[-74.0980418389999,4.372804447000078],[-74.09868050299991,4.37419079600005],[-74.09833160099993,4.376991305000047],[-74.09853666399994,4.378165463000073],[-74.09914125699993,4.378784172000053],[-74.09949500099992,4.378772899000069],[-74.10285615299995,4.377805906000049],[-74.10505266799993,4.378568355000084],[-74.10596533099994,4.379513587000076],[-74.1065071239999,4.380727991000072],[-74.10780199299995,4.381661944000086],[-74.11121868799995,4.38594127500005],[-74.11346110199992,4.386193963000039],[-74.11377475499995,4.386503221000055],[-74.11385961999991,4.389338382000062],[-74.1130764799999,4.394320924000056],[-74.11409749899991,4.395495304000065],[-74.11466754399993,4.397694830000091],[-74.11442725899991,4.399590586000045],[-74.11471646099994,4.406102580000038],[-74.11315202599991,4.4095614680000494],[-74.11312336099991,4.410059815000068],[-74.11425837099995,4.412127756000075],[-74.11438926499994,4.4131586290000655],[-74.1130589089999,4.416113576000043],[-74.11287013099991,4.417946327000038],[-74.11333077699993,4.423295847000077],[-74.11307756999992,4.4306954890000725],[-74.11203771699991,4.435334327000078],[-74.11016521399995,4.438392287000056],[-74.11013610299995,4.440288051000039],[-74.10911379299995,4.4432143510000515],[-74.10678515799992,4.445029250000061],[-74.10579174999992,4.44637498700007],[-74.10520939999992,4.447646266000049],[-74.10495172399993,4.450378169000089],[-74.10327917299992,4.452336375000073],[-74.10150441899992,4.452576432000058],[-74.09839944499993,4.454608647000043],[-74.09555166099994,4.455736106000074],[-74.09321758499993,4.456027443000039],[-74.09153343999992,4.4582376420000855],[-74.09006663799994,4.459119229000066],[-74.08831477699994,4.458941179000078],[-74.08689428799994,4.457566143000065],[-74.08510268599991,4.456706502000088],[-74.08458336199993,4.456746409000061],[-74.08381854299995,4.4574906490000785],[-74.08139867599994,4.458159970000054],[-74.08042777599991,4.460782867000091],[-74.07961708399995,4.461710329000084],[-74.0781047609999,4.461898920000067],[-74.07823465099995,4.460864000000072],[-74.0768847299999,4.4617962860000375],[-74.07661105099993,4.463485398000046],[-74.0771259469999,4.465155782000068],[-74.07704241399995,4.465927238000063],[-74.07603344499995,4.467350147000047],[-74.07508238699995,4.469382096000061],[-74.07516261299992,4.471287179000058],[-74.07612016899992,4.473061141000073],[-74.0761410849999,4.473560364000093],[-74.07520778899993,4.478550348000056],[-74.07505673499992,4.480987889000062],[-74.07533746699994,4.484577727000044],[-74.0717856899999,4.486052260000065],[-74.06892525899991,4.486874880000073],[-74.06691255099992,4.486327614000061],[-74.06509777299993,4.486490672000059],[-74.06406259699992,4.488887140000088],[-74.0614672449999,4.491751630000067],[-74.06129146399991,4.492342917000087],[-74.06160504299993,4.493853116000082],[-74.05921030099995,4.497112746000084],[-74.0595062829999,4.498639611000044],[-74.05846279699995,4.5013453890000505],[-74.05751682199991,4.502546387000052],[-74.05656627399992,4.507959994000089],[-74.0559679129999,4.508321126000055]]]},"properties":{"LocNombre":"USME","LocCodigo":"05"}},
{"type":"Feature","geometry":{"type":"Polygon","coordinates":[[[-74.21092453199992,4.386906730000078],[-74.20295361599995,4.38611865900009],[-74.1996146919999,4.387129707000042],[-74.19508979799991,4.387137357000086],[-74.1931858019999,4.386730690000093],[-74.1919864649999,4.38602617500004],[-74.19021945399993,4.385890146000065],[-74.18814978599994,4.385268414000052],[-74.18552389299992,4.3849222560000385],[-74.18429512999995,4.385031459000061],[-74.18154627099995,4.383661868000047],[-74.18023636599992,4.3839188710000485],[-74.1797564499999,4.385768049000092],[-74.17727112999995,4.388561009000057],[-74.17665143599993,4.388645170000075],[-74.17567234099994,4.388411629000075],[-74.1710149939999,4.386003607000077],[-74.1696495729999,4.385910918000093],[-74.16781127199994,4.385188135000078],[-74.16661286599992,4.385581165000076],[-74.16548905399992,4.38703759200007],[-74.1634960749999,4.388200446000042],[-74.1631314039999,4.389286398000081],[-74.1626926859999,4.389605548000077],[-74.16129754699995,4.389150197000049],[-74.16075966299991,4.389217663000068],[-74.15971751799992,4.38992602400009],[-74.15859132499992,4.39016214600008],[-74.15682638699991,4.389318886000069],[-74.15544806299994,4.3893357530000685],[-74.15366632399991,4.388796063000086],[-74.1512122389999,4.387227567000082],[-74.1504894599999,4.387143240000057],[-74.14931283999994,4.387767254000039],[-74.14802840699991,4.3869364760000735],[-74.14761515399994,4.386923969000065],[-74.1468419439999,4.387210678000088],[-74.1460855439999,4.387986480000052],[-74.14445508199992,4.388188850000063],[-74.14354741099993,4.3877503340000885],[-74.14272377799995,4.387767188000055],[-74.14245482699994,4.3884924010000645],[-74.14240436599994,4.390533125000047],[-74.14129075699992,4.39158722600007],[-74.14112958399994,4.392087742000058],[-74.14138514799993,4.393434954000043],[-74.14241415599992,4.3949822030000405],[-74.14289347499994,4.395246704000044],[-74.14329649799993,4.397745740000062],[-74.14317740099995,4.399262073000045],[-74.14352487199994,4.399505694000084],[-74.14339029299992,4.400047103000077],[-74.14384479899991,4.400301433000038],[-74.14379200299993,4.401291290000074],[-74.14426916499991,4.40256387800008],[-74.14431978699992,4.4034430890000635],[-74.14401584699993,4.40420262300006],[-74.14429086599995,4.404781350000064],[-74.14422484999994,4.405779899000038],[-74.14346724199993,4.407101215000068],[-74.1433105779999,4.408269244000053],[-74.14420089399994,4.410886068000082],[-74.14396145499995,4.413007013000083],[-74.1446113209999,4.413889031000053],[-74.1450441309999,4.415148197000065],[-74.1448408249999,4.415374305000057],[-74.14501808699993,4.41681380600005],[-74.1447141399999,4.418797053000048],[-74.14374154099994,4.420041635000075],[-74.14481091199991,4.4216985600000385],[-74.14456514999995,4.42298227200007],[-74.14474554499992,4.425755697000056],[-74.14395418899994,4.426522427000066],[-74.1433535139999,4.430756514000052],[-74.14385192199995,4.432967541000039],[-74.14258376399994,4.434020396000051],[-74.14344980899995,4.435848225000086],[-74.14360483099995,4.437734685000066],[-74.14320544399993,4.439884397000071],[-74.14355960099994,4.442228841000087],[-74.14451664199993,4.44414977200006],[-74.14424010899995,4.448276537000083],[-74.14212254299991,4.4519757160000495],[-74.1416605629999,4.454790114000048],[-74.14086084699994,4.455968647000077],[-74.1404615209999,4.457278617000043],[-74.13951190099993,4.458007456000075],[-74.13839550199992,4.462680033000083],[-74.13764430899994,4.463792195000053],[-74.13775735699994,4.464392759000077],[-74.1384150049999,4.465234603000056],[-74.13826052999991,4.465818780000063],[-74.13787089099992,4.466180602000065],[-74.13680325399991,4.466240833000086],[-74.1362987789999,4.4680471260000445],[-74.13511247799994,4.4687501230000635],[-74.13331338799992,4.471418555000071],[-74.13245210999992,4.473204413000076],[-74.1306056759999,4.4753902410000705],[-74.13031252099995,4.476370672000087],[-74.12979439999992,4.476394132000053],[-74.12841856299991,4.475290974000075],[-74.12697761299995,4.477557780000041],[-74.12545091899995,4.478749227000037],[-74.1245282189999,4.479113451000046],[-74.12350253499994,4.481570918000045],[-74.12262204899992,4.482343238000055],[-74.12177096099992,4.484234812000068],[-74.12129007499993,4.485747110000091],[-74.12165247099995,4.4881756730000575],[-74.12042521199993,4.49080361700004],[-74.12068574499995,4.491239921000044],[-74.12244727699994,4.491106900000091],[-74.12312109499993,4.491505504000088],[-74.12300747199993,4.491849869000077],[-74.1218413869999,4.4923120050000875],[-74.12134919499994,4.492998250000085],[-74.1221085869999,4.494879193000088],[-74.12161750699994,4.496665737000058],[-74.12273896199991,4.4996988600000805],[-74.12448940599995,4.500628152000047],[-74.12559897099993,4.501797398000065],[-74.12684511499992,4.501319849000083],[-74.12846497499993,4.504542031000085],[-74.12813627499992,4.505480831000057],[-74.1267373259999,4.506211804000088],[-74.1273121879999,4.510692523000046],[-74.12577835199994,4.5155577930000845],[-74.12588636699991,4.518101922000085],[-74.1256103039999,4.520161511000083],[-74.12758026099993,4.522058660000084],[-74.1290023439999,4.52442646500009],[-74.12885642999993,4.524717688000067],[-74.12756326899995,4.524990578000086],[-74.12550957299993,4.526049124000053],[-74.12478656299993,4.52758551900007],[-74.12321327599994,4.527459055000065],[-74.12309045199993,4.529202478000059],[-74.12306578899995,4.532337507000079],[-74.12339197999995,4.533526061000089],[-74.12408418199993,4.534561607000057],[-74.12390452799991,4.53616074100006],[-74.12454452199995,4.537084914000047],[-74.12497215199994,4.53936570500008],[-74.12500147899993,4.541580947000057],[-74.12534429199991,4.542655811000088],[-74.12485451599991,4.544076122000092],[-74.12608585699991,4.5448229940000715],[-74.12629442899993,4.545310136000069],[-74.12681039199992,4.5455199020000805],[-74.12838436099992,4.5450218670000595],[-74.12997784299995,4.546037806000072],[-74.12938675899994,4.546791452000093],[-74.12693981599995,4.5472165740000605],[-74.1265458339999,4.546273630000087],[-74.1261540029999,4.546175240000082],[-74.12549437299992,4.5469027510000615],[-74.12536366799992,4.547505709000063],[-74.12684937599994,4.549445723000076],[-74.12783556999995,4.549753809000038],[-74.12880870099991,4.549340920000077],[-74.13021938299994,4.5497341840000445],[-74.13167576299992,4.549373780000053],[-74.13224393899992,4.549917791000041],[-74.13238107699993,4.55048142000004],[-74.13207409899991,4.550920532000077],[-74.13196919199993,4.552638315000081],[-74.13388777799992,4.555187152000087],[-74.13319105199992,4.556218551000086],[-74.13365389199993,4.556441515000074],[-74.1345672029999,4.556354815000077],[-74.13525832199991,4.557141269000056],[-74.13398708499994,4.55746326600007],[-74.1341968289999,4.558893770000054],[-74.13387728499993,4.560712534000061],[-74.13747286499995,4.5623532920000684],[-74.13791915599995,4.563441075000071],[-74.13919658499992,4.56369703200005],[-74.14050819599993,4.565068092000047],[-74.14069260899993,4.567243503000043],[-74.14046049399991,4.568326329000058],[-74.14170970799995,4.568845486000043],[-74.14111538599991,4.569303805000061],[-74.1404934819999,4.569281690000082],[-74.14046045499992,4.570469039000045],[-74.14200130899991,4.570750702000055],[-74.14180318799993,4.571722584000042],[-74.14256816499994,4.571855152000069],[-74.14324501899995,4.572827117000088],[-74.14281570899993,4.574146946000042],[-74.14210583499994,4.574218687000041],[-74.14088958899993,4.575273460000062],[-74.14096114599994,4.5760741620000545],[-74.14212232299991,4.57730016000005],[-74.14261755599995,4.577316764000045],[-74.14309520499995,4.57662094300008],[-74.14304060699993,4.575757741000075],[-74.14384957999994,4.575144623000085],[-74.14368575799995,4.574305430000038],[-74.14483950499994,4.573010682000074],[-74.14561433299991,4.573438865000071],[-74.1459931519999,4.57449041600006],[-74.14650857899994,4.574795290000054],[-74.14683286999991,4.574582937000059],[-74.14706497499992,4.573788243000081],[-74.14744732499992,4.573743683000089],[-74.14780566999991,4.574356818000069],[-74.14759404799992,4.574740499000086],[-74.14772374599994,4.575315919000047],[-74.14705812599993,4.57649422500009],[-74.14767594699993,4.576939494000044],[-74.14790121399994,4.577669081000067],[-74.14835520399993,4.578080168000042],[-74.14877506899995,4.577662237000084],[-74.1483552119999,4.576932649000071],[-74.14871701699991,4.576470226000083],[-74.14999024299993,4.578326785000058],[-74.14943384599991,4.5794399820000535],[-74.1496522889999,4.580354524000086],[-74.14931433599992,4.58145408900009],[-74.14876821699994,4.581782897000039],[-74.14761109699992,4.581293062000043],[-74.1472158599999,4.581947291000063],[-74.14842153299992,4.583309790000044],[-74.14932516599993,4.582930419000093],[-74.14983482999992,4.583008035000091],[-74.15074360099993,4.582473085000061],[-74.15111426999994,4.582574923000038],[-74.15148486899994,4.583058958000038],[-74.15138845199994,4.583777315000077],[-74.15059129799994,4.58452116400008],[-74.1514950689999,4.584831897000072],[-74.1521550569999,4.585407672000088],[-74.1519164099999,4.585942553000052],[-74.1511853369999,4.586182026000074],[-74.15049479699991,4.587985612000068],[-74.15138329899992,4.5889587000000915],[-74.15264790099991,4.588696558000038],[-74.15175791799993,4.5874174710000375],[-74.1522151559999,4.586690429000043],[-74.15306973899993,4.586379134000083],[-74.15338713599994,4.586717477000093],[-74.15305144199993,4.587441271000046],[-74.15332112399994,4.587904404000085],[-74.15504380399994,4.587933216000067],[-74.15695650499993,4.588703541000086],[-74.15649723199994,4.590018011000041],[-74.1548238119999,4.59053969200005],[-74.15425967099992,4.591257839000093],[-74.15335596099993,4.590872954000076],[-74.15282292599994,4.591460801000039],[-74.15138850199992,4.59140020600006],[-74.15121720199994,4.591988126000047],[-74.15205461799991,4.593044121000048],[-74.15332267199994,4.592181984000092],[-74.15418739699993,4.592856341000072],[-74.15412884299991,4.593462269000042],[-74.15282334499994,4.594466216000058],[-74.1522637029999,4.595686897000064],[-74.15187423299994,4.596326229000056],[-74.1512549819999,4.596568879000074],[-74.15057879499994,4.59631358300004],[-74.1500668029999,4.595625803000075],[-74.14967022499991,4.595831803000067],[-74.15070779299992,4.597499098000071],[-74.15196916699995,4.5987144150000745],[-74.15216009999995,4.599758615000042],[-74.16068091699992,4.596193636000066],[-74.16331119799992,4.595717125000078],[-74.16794780399994,4.595754474000046],[-74.17869947699995,4.5969932150000545],[-74.18186568599992,4.596841545000075],[-74.18379853699992,4.596403440000074],[-74.18265206599995,4.591563755000038],[-74.18091513299993,4.5878801480000675],[-74.17938945999992,4.576976546000083],[-74.17784301799992,4.577742579000073],[-74.17611406799995,4.576293620000058],[-74.17596480199995,4.575447153000084],[-74.17529571499995,4.575390757000093],[-74.17559708499994,4.571698945000094],[-74.1763329449999,4.571556821000058],[-74.17851733799995,4.570167832000038],[-74.17782500499993,4.568109114000038],[-74.1778045019999,4.56384537200006],[-74.17741179299992,4.5622145730000625],[-74.1763847499999,4.560490145000074],[-74.17644892399994,4.558867917000043],[-74.17696928099991,4.558050912000056],[-74.17647702699992,4.556008095000038],[-74.17706345499994,4.553866803000062],[-74.1769106719999,4.553506946000084],[-74.1757901819999,4.55312054400008],[-74.17471375399992,4.5531748140000445],[-74.17402199399993,4.552491315000054],[-74.17376005599994,4.551589225000043],[-74.17412101299993,4.549002386000041],[-74.1749467109999,4.547679161000076],[-74.1761045259999,4.546525777000056],[-74.1763797779999,4.545790497000041],[-74.17522188099991,4.544147155000076],[-74.17407681299994,4.543672886000081],[-74.17325635299994,4.542113416000063],[-74.17322119399995,4.541053448000071],[-74.17376333499993,4.540058637000072],[-74.17670480499993,4.538292504000083],[-74.17736746399993,4.5373886230000835],[-74.1794864659999,4.536515878000046],[-74.18395841899991,4.535668611000062],[-74.18810950499994,4.5328059800000915],[-74.18324540399993,4.527466390000086],[-74.18314672399993,4.526292165000086],[-74.18367661199994,4.521469213000046],[-74.18307986899993,4.519151874000045],[-74.18329677899993,4.51727653100005],[-74.18278459699991,4.516637821000074],[-74.18285506299992,4.515118732000076],[-74.18222518699991,4.51296211500005],[-74.18148394999992,4.512238803000059],[-74.17915874999994,4.512986908000073],[-74.17771416399995,4.51301877700007],[-74.17617498399994,4.512512525000091],[-74.17559003899993,4.5121149860000855],[-74.17492236699991,4.510325366000075],[-74.1733937699999,4.507847595000044],[-74.17497468599993,4.506771849000074],[-74.17825264599992,4.505852519000086],[-74.18152822299993,4.5041044320000765],[-74.18007105799995,4.4995487620000745],[-74.17877608999993,4.496511265000038],[-74.17893103099993,4.49444103400009],[-74.17929426799992,4.493986245000087],[-74.17894784499993,4.491018499000063],[-74.17925810899993,4.490254470000082],[-74.1789640639999,4.488616432000072],[-74.17830111599994,4.487583963000077],[-74.17803311799992,4.486409742000092],[-74.17841569799992,4.485338818000059],[-74.1794202179999,4.4846688660000495],[-74.18034507499993,4.482899260000067],[-74.18113845999994,4.481983077000052],[-74.18171480699993,4.481874400000038],[-74.18236567799994,4.480442699000093],[-74.1822858619999,4.480058884000073],[-74.18257687199991,4.480007439000076],[-74.18220111699992,4.475683227000047],[-74.18315428299991,4.47501896600005],[-74.18361111199994,4.472934348000081],[-74.18286968599995,4.471009778000052],[-74.18363480499994,4.468661735000069],[-74.18360640199995,4.4678713220000645],[-74.1830872999999,4.466782987000045],[-74.18349287799992,4.464686890000053],[-74.18518250699992,4.462018266000086],[-74.18645003499995,4.45845040800009],[-74.18690692399991,4.45611367500004],[-74.18692432499995,4.454521456000066],[-74.18621705099991,4.452728682000043],[-74.18743299499994,4.4501286830000595],[-74.19051496599991,4.447214018000068],[-74.19096619099992,4.445455810000055],[-74.19090390699995,4.442700933000083],[-74.19198269399993,4.44089695200006],[-74.19342709599994,4.436762023000085],[-74.19474569599993,4.434774885000081],[-74.19503129299994,4.4332800960000895],[-74.19401609499994,4.429854990000081],[-74.19394783799993,4.4283716110000455],[-74.19423919199994,4.426767985000083],[-74.19471281099993,4.42643584800004],[-74.1981650919999,4.426728528000069],[-74.19884414199993,4.4264136390000886],[-74.20061385899993,4.422049704000074],[-74.2034217129999,4.4193754510000645],[-74.2039754239999,4.41825876300004],[-74.20381023499993,4.416683639000041],[-74.20407873599993,4.414444352000089],[-74.20624180399994,4.411741296000059],[-74.20818250499991,4.4078928540000675],[-74.20777776499995,4.40526383100007],[-74.20899925299994,4.402967432000082],[-74.21040352499995,4.399101577000067],[-74.21162485899993,4.3973607430000925],[-74.21296024299994,4.3961638960000755],[-74.21288637599991,4.394766392000065],[-74.21244701699993,4.39407906200006],[-74.21147180199995,4.390923083000075],[-74.21143223699994,4.388208336000048],[-74.21092453199992,4.386906730000078]]]},"properties":{"LocNombre":"CIUDAD BOLIVAR","LocCodigo":"19"}},
{"type":"Feature","geometry":{"type":"Polygon","coordinates":[[[-74.18566586799994,4.647046420000038],[-74.1859230039999,4.647677824000084],[-74.18357401399993,4.652053661000082],[-74.1837095379999,4.65273477900007],[-74.18410422799991,4.652824071000055],[-74.1857708469999,4.65170762300005],[-74.1867917379999,4.6514663110000924],[-74.18758184299992,4.651776598000083],[-74.19153524799992,4.654703371000039],[-74.1935541119999,4.655149355000049],[-74.1942668069999,4.654944300000068],[-74.19456714599994,4.654552784000089],[-74.19582237799995,4.651564897000071],[-74.1968950129999,4.650457859000085],[-74.19899538699991,4.649310076000063],[-74.20080786299991,4.648696990000076],[-74.20292463899995,4.646494561000054],[-74.20301774599994,4.645852120000086],[-74.20259734899992,4.645287455000073],[-74.2007022709999,4.644542824000041],[-74.20088627599995,4.643836738000061],[-74.20196022999994,4.643858632000047],[-74.20579209899995,4.646528251000063],[-74.2068090329999,4.646579247000091],[-74.20710926999993,4.646181941000066],[-74.20709436399994,4.645626106000066],[-74.20575674699995,4.643594316000076],[-74.20548584199992,4.642272225000056],[-74.20569308899991,4.641629053000088],[-74.20701786099994,4.640646544000049],[-74.21349314799994,4.6404111770000895],[-74.21396261599995,4.640585959000077],[-74.21426860199995,4.641111306000084],[-74.21429476399993,4.642572442000073],[-74.21467891299994,4.64373334600009],[-74.21556228899993,4.644335387000069],[-74.22026268899992,4.64431172500008],[-74.22129490799995,4.644058792000067],[-74.22106397399995,4.642747822000047],[-74.22001784999992,4.64168271300008],[-74.21576388999995,4.640024543000038],[-74.21493114499992,4.6383562940000616],[-74.21469592099993,4.637268867000046],[-74.2150782619999,4.636303690000091],[-74.21714130599992,4.635580169000093],[-74.21750944999991,4.635073565000084],[-74.21733142999994,4.633997252000086],[-74.21579564899992,4.631342048000079],[-74.21584581999991,4.630218439000089],[-74.21667537199994,4.629519796000068],[-74.21765667699992,4.629353291000086],[-74.2202942319999,4.630098892000092],[-74.22135077599995,4.630086587000051],[-74.22242992899993,4.629117001000054],[-74.22217474299993,4.6285112010000375],[-74.2235814249999,4.62547154400005],[-74.2231487119999,4.62427946300005],[-74.2208497069999,4.623394904000065],[-74.22066752099994,4.623065704000055],[-74.22128407499991,4.621195471000078],[-74.22226035299991,4.621340731000089],[-74.22239699399995,4.621135613000092],[-74.22232201199995,4.620821499000044],[-74.22127769799994,4.620452879000084],[-74.22081154499995,4.619969403000084],[-74.22086186799993,4.619587120000062],[-74.22169323399993,4.619195089000073],[-74.22174023399992,4.618921640000053],[-74.22129013799992,4.61864851200005],[-74.2200556219999,4.618877146000045],[-74.21965244499995,4.617457356000045],[-74.21887145399995,4.6180261910000695],[-74.21841163999994,4.617852404000075],[-74.21830095599995,4.616228567000064],[-74.21771833399993,4.615803493000044],[-74.21708179799992,4.615895030000047],[-74.21591115699994,4.614085615000079],[-74.2134497959999,4.6113559090000535],[-74.20426658299994,4.599441433000038],[-74.20406272799994,4.6007682610000415],[-74.18379853699992,4.596403440000074],[-74.18186568599992,4.596841545000075],[-74.17869947699995,4.5969932150000545],[-74.16794780399994,4.595754474000046],[-74.16331119799992,4.595717125000078],[-74.16068091699992,4.596193636000066],[-74.15216009999995,4.599758615000042],[-74.15215024699995,4.60047704200008],[-74.15247025299993,4.60089264700008],[-74.15349235299993,4.600983323000094],[-74.15511794699995,4.602765370000043],[-74.15658469899995,4.60307376500009],[-74.15697875099994,4.604082935000065],[-74.15953940399993,4.6054951230000825],[-74.16314497299993,4.606342533000088],[-74.16744428399994,4.604410063000046],[-74.16859405199995,4.6042451390000565],[-74.16898005999991,4.603627128000085],[-74.16910319499993,4.602341402000093],[-74.17006406099995,4.6020612270000925],[-74.17008049399993,4.6005613090000566],[-74.17176506699991,4.60084078400007],[-74.17400869499994,4.600169965000077],[-74.1745323419999,4.601353343000085],[-74.17312283899992,4.6023577540000815],[-74.17288927599992,4.603154718000042],[-74.17554028799992,4.603424128000086],[-74.17590623799992,4.602939728000081],[-74.17573491599995,4.6021506170000634],[-74.17595284799995,4.6012444030000665],[-74.1773075399999,4.600900577000061],[-74.1777513479999,4.601072454000075],[-74.17770465399991,4.602080285000056],[-74.17628326099992,4.603156454000043],[-74.17611253899992,4.603623404000075],[-74.17611256299995,4.604404541000065],[-74.17658272099993,4.605332343000043],[-74.17799252499992,4.6049014370000805],[-74.17849510299993,4.60509400400008],[-74.17865515699992,4.605456917000083],[-74.17847268899993,4.606086580000067],[-74.1773790179999,4.606393042000093],[-74.1773856559999,4.60710369800006],[-74.17784497999992,4.608088069000075],[-74.17729227799992,4.609619429000077],[-74.17804755799995,4.610955197000067],[-74.18119265899992,4.6129593700000555],[-74.18190361099994,4.614261239000086],[-74.18128605099992,4.614713166000058],[-74.1800717349999,4.614940045000083],[-74.1794210459999,4.615936530000056],[-74.17949848099994,4.616428192000058],[-74.18007877899993,4.61701043700009],[-74.18158741899992,4.614797758000066],[-74.1820258759999,4.614655440000092],[-74.18297862999992,4.6153702940000585],[-74.1823699649999,4.616521017000082],[-74.18275221999994,4.617124385000068],[-74.18339316899994,4.617126688000042],[-74.18478534899992,4.615625371000078],[-74.18503864599995,4.615674936000062],[-74.18523458399994,4.618855054000051],[-74.1833800199999,4.61913239200004],[-74.18250406099992,4.618787870000062],[-74.18102285999993,4.619031782000093],[-74.18010445499993,4.618485777000046],[-74.17915238499995,4.619243503000064],[-74.17969314699991,4.620125821000045],[-74.17723766899991,4.622354772000051],[-74.17770741699991,4.623252276000073],[-74.17656066699993,4.6240200320000895],[-74.17780278899994,4.629681452000057],[-74.18566586799994,4.647046420000038]]]},"properties":{"LocNombre":"BOSA","LocCodigo":"07"}},
{"type":"Feature","geometry":{"type":"Polygon","coordinates":[[[-74.18566586799994,4.647046420000038],[-74.17780278899994,4.629681452000057],[-74.17656066699993,4.6240200320000895],[-74.17770741699991,4.623252276000073],[-74.17723766899991,4.622354772000051],[-74.17969314699991,4.620125821000045],[-74.17915238499995,4.619243503000064],[-74.18010445499993,4.618485777000046],[-74.18102285999993,4.619031782000093],[-74.18250406099992,4.618787870000062],[-74.1833800199999,4.61913239200004],[-74.18523458399994,4.618855054000051],[-74.18503864599995,4.615674936000062],[-74.18478534899992,4.615625371000078],[-74.18339316899994,4.617126688000042],[-74.18275221999994,4.617124385000068],[-74.1823699649999,4.616521017000082],[-74.18297862999992,4.6153702940000585],[-74.1820258759999,4.614655440000092],[-74.18158741899992,4.614797758000066],[-74.18007877899993,4.61701043700009],[-74.17949848099994,4.616428192000058],[-74.1794210459999,4.615936530000056],[-74.1800717349999,4.614940045000083],[-74.18128605099992,4.614713166000058],[-74.18190361099994,4.614261239000086],[-74.18119265899992,4.6129593700000555],[-74.17804755799995,4.610955197000067],[-74.17729227799992,4.609619429000077],[-74.17784497999992,4.608088069000075],[-74.1773856559999,4.60710369800006],[-74.1773790179999,4.606393042000093],[-74.17847268899993,4.606086580000067],[-74.17865515699992,4.605456917000083],[-74.17849510299993,4.60509400400008],[-74.17799252499992,4.6049014370000805],[-74.17658272099993,4.605332343000043],[-74.17611256299995,4.604404541000065],[-74.17611253899992,4.603623404000075],[-74.17628326099992,4.603156454000043],[-74.17770465399991,4.602080285000056],[-74.1777513479999,4.601072454000075],[-74.1773075399999,4.600900577000061],[-74.17595284799995,4.6012444030000665],[-74.17573491599995,4.6021506170000634],[-74.17590623799992,4.602939728000081],[-74.17554028799992,4.603424128000086],[-74.17288927599992,4.603154718000042],[-74.17312283899992,4.6023577540000815],[-74.1745323419999,4.601353343000085],[-74.17400869499994,4.600169965000077],[-74.17176506699991,4.60084078400007],[-74.17008049399993,4.6005613090000566],[-74.17006406099995,4.6020612270000925],[-74.16910319499993,4.602341402000093],[-74.16898005999991,4.603627128000085],[-74.16859405199995,4.6042451390000565],[-74.16744428399994,4.604410063000046],[-74.16314497299993,4.606342533000088],[-74.15953940399993,4.6054951230000825],[-74.15697875099994,4.604082935000065],[-74.15658469899995,4.60307376500009],[-74.15511794699995,4.602765370000043],[-74.15349235299993,4.600983323000094],[-74.15247025299993,4.60089264700008],[-74.15215024699995,4.60047704200008],[-74.15216009999995,4.599758615000042],[-74.15196916699995,4.5987144150000745],[-74.15070779299992,4.597499098000071],[-74.14967022499991,4.595831803000067],[-74.1500668029999,4.595625803000075],[-74.15057879499994,4.59631358300004],[-74.1512549819999,4.596568879000074],[-74.15187423299994,4.596326229000056],[-74.1522637029999,4.595686897000064],[-74.14694430399993,4.594956015000093],[-74.14258561399993,4.595472765000068],[-74.13776618399993,4.594885111000053],[-74.13731327499994,4.596211642000071],[-74.13025688399995,4.606957474000069],[-74.1292653989999,4.608854531000077],[-74.12450254299995,4.623924209000052],[-74.11952362199992,4.636108055000079],[-74.11829863999992,4.637411585000052],[-74.12083715499995,4.639072073000079],[-74.1231016719999,4.641027805000078],[-74.12363468799992,4.640714341000091],[-74.1238123249999,4.640868656000066],[-74.12444115399995,4.6417161310000665],[-74.12565510399992,4.645238392000067],[-74.12891194999992,4.6480182190000505],[-74.12917466999994,4.6485269780000635],[-74.13101572499994,4.648999634000063],[-74.13146505499992,4.648769425000069],[-74.13231675299994,4.648894591000044],[-74.13238359299993,4.649633497000082],[-74.13321682899993,4.650544107000087],[-74.13379679999991,4.652476661000094],[-74.13611587899993,4.6571595160000925],[-74.13719088999994,4.658214263000048],[-74.13707798299993,4.658789536000086],[-74.13903306599991,4.660430523000059],[-74.13973767599992,4.660614787000043],[-74.1398823689999,4.661467323000068],[-74.14094493099992,4.662840281000058],[-74.14188568299994,4.662966991000076],[-74.1434142999999,4.66187627700009],[-74.14448350299995,4.661712028000068],[-74.14480488099991,4.661227502000088],[-74.14529840699993,4.661942542000077],[-74.14592426299993,4.6617604890000734],[-74.14754562299993,4.662271798000063],[-74.15140097299991,4.664249058000053],[-74.15364432799993,4.663904432000038],[-74.15456481099994,4.664266363000081],[-74.1550685489999,4.663086642000053],[-74.15582482499991,4.662923436000085],[-74.15657124299992,4.661788696000087],[-74.15707962499994,4.661530151000079],[-74.15845078099994,4.662674835000075],[-74.16031904199991,4.662708184000053],[-74.1622879119999,4.663366415000041],[-74.16298376499992,4.662267569000051],[-74.16300201699994,4.659682826000051],[-74.16334660799993,4.659056026000087],[-74.1640404819999,4.658564630000058],[-74.16488707099995,4.658771439000077],[-74.16564105999993,4.659718038000051],[-74.16620746599995,4.659875045000092],[-74.16666043299995,4.659218951000071],[-74.16721588299993,4.656670988000087],[-74.16765389999995,4.656381716000055],[-74.16948670399995,4.6562787170000774],[-74.17090871799991,4.657169703000079],[-74.1723363879999,4.657143542000085],[-74.17419527899995,4.655710825000085],[-74.17490894799994,4.65473219200004],[-74.17541569999992,4.654476810000062],[-74.17657697699991,4.654784838000069],[-74.18007628299995,4.652619764000065],[-74.18223128299991,4.649190830000066],[-74.18480577699995,4.64710603900005],[-74.18566586799994,4.647046420000038]]]},"properties":{"LocNombre":"KENNEDY","LocCodigo":"08"}},
{"type":"Feature","geometry":{"type":"Polygon","coordinates":[[[-74.15546958599992,4.717982196000094],[-74.15555138799994,4.715939107000054],[-74.15478410299994,4.712672796000049],[-74.15481346999991,4.710459578000041],[-74.15511421199994,4.709226867000041],[-74.15608816199995,4.708048663000056],[-74.15652783699994,4.70788712600006],[-74.15902966399995,4.708301388000052],[-74.16035157199991,4.708176722000076],[-74.16215449999993,4.707300416000066],[-74.16212584399995,4.706865530000073],[-74.1615144349999,4.706148347000067],[-74.1618720269999,4.705865137000046],[-74.1643063599999,4.705782753000051],[-74.16780642499992,4.704456149000066],[-74.17119560499992,4.704649153000048],[-74.1768206619999,4.702996574000053],[-74.1770368789999,4.70258328400007],[-74.17675502999992,4.701758262000055],[-74.17452951899992,4.700605172000053],[-74.16939313199993,4.701046887000075],[-74.1692212239999,4.700858057000062],[-74.16926920999992,4.699315655000078],[-74.1696279599999,4.698758636000093],[-74.17173255999995,4.696953676000078],[-74.17239338999991,4.696063453000079],[-74.17237244099994,4.69437217300009],[-74.17126675399993,4.693096103000073],[-74.17013372699995,4.68987646000005],[-74.16825134899995,4.6888200620000475],[-74.16763814699993,4.688018728000088],[-74.16773994399995,4.687577058000045],[-74.16951090599991,4.6862222760000805],[-74.1710916529999,4.684132225000042],[-74.17368686499992,4.68261470200008],[-74.17498782599995,4.676818475000061],[-74.17151123899993,4.674335617000054],[-74.1711140299999,4.67476789300008],[-74.17100102299992,4.677176730000042],[-74.17055217699993,4.677212718000078],[-74.16989553499991,4.675388572000088],[-74.1695069619999,4.675356673000067],[-74.1671798989999,4.6776112520000765],[-74.1664834849999,4.678102288000048],[-74.16588112099993,4.67817787000007],[-74.16533520399992,4.675779261000059],[-74.16455102999993,4.67567387400004],[-74.1602341489999,4.678310106000083],[-74.16022946899994,4.678823909000073],[-74.16196586099994,4.680198699000073],[-74.16224822499993,4.68101080100007],[-74.1600647269999,4.682956116000071],[-74.15955650699993,4.682975013000089],[-74.1589353039999,4.68259725900009],[-74.15697763199995,4.679311161000044],[-74.15686464999993,4.678404594000085],[-74.1575988159999,4.677403560000073],[-74.1613258779999,4.676100400000053],[-74.1624176169999,4.675288282000054],[-74.16332104599991,4.673494118000065],[-74.16369751999991,4.671832118000054],[-74.16445041399993,4.671114375000059],[-74.16501511799993,4.671284306000075],[-74.1656027329999,4.672996731000069],[-74.16643834799993,4.6732666330000825],[-74.16933291799995,4.672136913000088],[-74.1702644579999,4.671300200000076],[-74.17061309399992,4.670392538000044],[-74.17017197399991,4.669260629000064],[-74.1685682239999,4.668542752000064],[-74.16411701399994,4.667303796000056],[-74.16068314799992,4.667118622000089],[-74.16037728099991,4.66662199700005],[-74.16096530099992,4.665632624000068],[-74.1610568239999,4.664726596000094],[-74.15851991999995,4.663647671000092],[-74.15845078099994,4.662674835000075],[-74.15707962499994,4.661530151000079],[-74.15657124299992,4.661788696000087],[-74.15582482499991,4.662923436000085],[-74.1550685489999,4.663086642000053],[-74.15456481099994,4.664266363000081],[-74.15364432799993,4.663904432000038],[-74.15140097299991,4.664249058000053],[-74.14754562299993,4.662271798000063],[-74.14592426299993,4.6617604890000734],[-74.14529840699993,4.661942542000077],[-74.14480488099991,4.661227502000088],[-74.14448350299995,4.661712028000068],[-74.1434142999999,4.66187627700009],[-74.14188568299994,4.662966991000076],[-74.14094493099992,4.662840281000058],[-74.1398823689999,4.661467323000068],[-74.13973767599992,4.660614787000043],[-74.13903306599991,4.660430523000059],[-74.13707798299993,4.658789536000086],[-74.13719088999994,4.658214263000048],[-74.13611587899993,4.6571595160000925],[-74.13379679999991,4.652476661000094],[-74.13321682899993,4.650544107000087],[-74.13238359299993,4.649633497000082],[-74.13231675299994,4.648894591000044],[-74.13146505499992,4.648769425000069],[-74.13101572499994,4.648999634000063],[-74.12917466999994,4.6485269780000635],[-74.12891194999992,4.6480182190000505],[-74.12565510399992,4.645238392000067],[-74.12444115399995,4.6417161310000665],[-74.1238123249999,4.640868656000066],[-74.12363468799992,4.640714341000091],[-74.1231016719999,4.641027805000078],[-74.12083715499995,4.639072073000079],[-74.11829863999992,4.637411585000052],[-74.1104452159999,4.645137208000051],[-74.10775446699995,4.647855021000055],[-74.10341575899992,4.653507285000046],[-74.12089843799993,4.681014597000058],[-74.12247710499992,4.6829721320000885],[-74.12465090299992,4.684803915000089],[-74.12405287199994,4.685536509000087],[-74.1214546519999,4.6866611710000825],[-74.11840027399995,4.688651400000083],[-74.12037818199991,4.692221161000077],[-74.12294773899993,4.693624087000046],[-74.15477805099994,4.717644817000064],[-74.15546958599992,4.717982196000094]]]},"properties":{"LocNombre":"FONTIBON","LocCodigo":"09"}},
{"type":"Feature","geometry":{"type":"Polygon","coordinates":[[[-74.15546958599992,4.717982196000094],[-74.15477805099994,4.717644817000064],[-74.12294773899993,4.693624087000046],[-74.12037818199991,4.692221161000077],[-74.11840027399995,4.688651400000083],[-74.1214546519999,4.6866611710000825],[-74.12405287199994,4.685536509000087],[-74.12465090299992,4.684803915000089],[-74.12247710499992,4.6829721320000885],[-74.12089843799993,4.681014597000058],[-74.10341575899992,4.653507285000046],[-74.09371541699994,4.666065227000047],[-74.08935431299994,4.671710759000064],[-74.08517844999994,4.678943195000045],[-74.07732779199995,4.685359689000052],[-74.07883650199994,4.6875370870000665],[-74.07945421499994,4.68953840100005],[-74.08027509999994,4.690559239000038],[-74.08038364599992,4.691812836000054],[-74.08094843399994,4.693143741000085],[-74.08242786999995,4.693437888000062],[-74.08467227999995,4.69437348200006],[-74.08514493699994,4.695016600000088],[-74.0853793359999,4.696388994000074],[-74.08589032799995,4.697336139000072],[-74.08731975899991,4.698073554000075],[-74.08775526799991,4.69858001700004],[-74.08836863099992,4.6985303550000594],[-74.08853913399992,4.699794059000055],[-74.0882767459999,4.700351866000062],[-74.08848532199994,4.700929563000045],[-74.08810824499994,4.704070311000066],[-74.08785136199992,4.704453828000055],[-74.0879885789999,4.7056541070000435],[-74.0897373219999,4.707021839000049],[-74.08967757599993,4.708416594000084],[-74.09048878199991,4.708651480000071],[-74.09046503699994,4.7096924260000605],[-74.09087251699992,4.710497396000051],[-74.09122190799991,4.710709924000071],[-74.09225468099993,4.71039928600004],[-74.09335076499991,4.711359257000083],[-74.09360819299991,4.711977210000043],[-74.09351038799991,4.713193854000053],[-74.0944552919999,4.714026339000043],[-74.09524251699992,4.715831540000067],[-74.09668445699992,4.71738001600005],[-74.09829853699995,4.717664394000053],[-74.09885843099994,4.717460061000054],[-74.09984285599995,4.717998338000086],[-74.10036767999992,4.71895204000009],[-74.10046709499994,4.72139523900006],[-74.10214253499993,4.722097616000042],[-74.10285559199991,4.722983039000042],[-74.10398191899992,4.723754510000049],[-74.10409179299995,4.72582377100008],[-74.10485818599994,4.7260962800000925],[-74.1066031769999,4.725873661000094],[-74.10868487399995,4.72742695900007],[-74.10998606299995,4.729338176000056],[-74.11130959699994,4.72971113400007],[-74.11331279799992,4.731798446000084],[-74.11402633799992,4.732050743000059],[-74.11413297099995,4.733476790000054],[-74.1146030459999,4.73469459800009],[-74.11601416299993,4.735018120000063],[-74.11693461699991,4.736015332000079],[-74.11864532499993,4.736299102000089],[-74.11964971499992,4.736823369000092],[-74.12059910499994,4.737878133000038],[-74.12069025999995,4.7394368060000716],[-74.1254456879999,4.740118573000075],[-74.12612961899993,4.740017823000073],[-74.12677582899994,4.7396646040000405],[-74.12741670499992,4.7388462780000395],[-74.12737994499992,4.737305030000073],[-74.12663007499992,4.737044974000071],[-74.12665783999995,4.736677974000088],[-74.12830212199992,4.735957682000048],[-74.12815496699994,4.734002898000085],[-74.12753964299992,4.732249857000056],[-74.12632452199995,4.730589807000058],[-74.12603101199994,4.729661627000041],[-74.12860767299992,4.726743430000056],[-74.1289277379999,4.726771407000058],[-74.12964566399995,4.7283981080000785],[-74.12954135099994,4.730330497000068],[-74.13058255499993,4.730867107000051],[-74.13142802499993,4.730710427000076],[-74.13195169199992,4.729757558000074],[-74.1331728529999,4.728940727000065],[-74.13557164399992,4.728293271000041],[-74.13618903699995,4.72839519300004],[-74.1369193619999,4.730463194000038],[-74.13739428399992,4.730725914000061],[-74.14034607699995,4.729486795000071],[-74.14287635099993,4.728879076000055],[-74.1485720039999,4.725889174000088],[-74.14923473399995,4.725464634000048],[-74.15072091699994,4.72291032600009],[-74.1511033889999,4.722731708000083],[-74.15653403599993,4.723470587000065],[-74.15748990499992,4.724162190000072],[-74.15689273299995,4.7254707430000735],[-74.15793869999993,4.725531482000065],[-74.15901141899991,4.724777946000074],[-74.16006529999993,4.723273501000051],[-74.16047847599992,4.721506558000044],[-74.16034421599994,4.720234077000043],[-74.15870224699995,4.719394960000045],[-74.15634849399993,4.717175700000041],[-74.15597936499995,4.718185589000086],[-74.15546958599992,4.717982196000094]]]},"properties":{"LocNombre":"ENGATIVA","LocCodigo":"10"}},
{"type":"Feature","geometry":{"type":"Polygon","coordinates":[[[-74.03449735599992,4.825469352000084],[-74.04078828899992,4.826497286000063],[-74.0411534669999,4.828876828000091],[-74.04414572699994,4.833000557000048],[-74.0444727819999,4.832781846000046],[-74.04553620299993,4.830526327000086],[-74.04658625899992,4.830107743000042],[-74.04756258799995,4.830570850000072],[-74.04932410399994,4.8347607780000885],[-74.04996340899993,4.835167398000067],[-74.05002820499993,4.8345361680000565],[-74.04901240899994,4.830641572000047],[-74.05029571799992,4.8305282260000695],[-74.05185160399992,4.832363376000046],[-74.05277266099995,4.833058279000056],[-74.05329630499995,4.833085200000085],[-74.0536221939999,4.83274963100007],[-74.05385325899994,4.831358037000086],[-74.05428673999995,4.830562825000072],[-74.0560185889999,4.828853910000078],[-74.05778515799994,4.829056914000091],[-74.06020590799994,4.82862523600005],[-74.06039917299995,4.828277078000042],[-74.06021010599994,4.827641567000057],[-74.06065836099992,4.827437716000077],[-74.06268590299993,4.83217535600005],[-74.06283160999993,4.833538150000038],[-74.0626054729999,4.835204813000075],[-74.06299560399992,4.835599981000087],[-74.06410638999995,4.8339475420000895],[-74.06385127199991,4.831207936000055],[-74.06410215199992,4.830437527000072],[-74.0644907649999,4.830213601000082],[-74.06499815299992,4.831866252000054],[-74.0647263859999,4.833774165000079],[-74.06496092099991,4.834870117000094],[-74.06551304099992,4.835472301000038],[-74.06630708099993,4.835099994000075],[-74.06739201999994,4.832654507000086],[-74.06708152899995,4.827973597000039],[-74.06869240599991,4.828631966000046],[-74.07074250699992,4.828398736000054],[-74.07096526399994,4.832037377000063],[-74.07171493099992,4.834160018000091],[-74.0728300319999,4.835554563000073],[-74.07454143599995,4.836670498000046],[-74.07679967599995,4.836685140000043],[-74.0796002699999,4.83568125000005],[-74.08380206999993,4.833373116000075],[-74.08655444399994,4.832186169000067],[-74.0867137969999,4.831836099000043],[-74.08650170199991,4.831544174000044],[-74.0843201539999,4.829691259000072],[-74.0825374019999,4.827286952000065],[-74.08017778699991,4.82498146100005],[-74.07895221199993,4.8211140020000585],[-74.08099823499992,4.818369051000047],[-74.08164045799992,4.816682085000082],[-74.08202274799993,4.816377404000093],[-74.08253253999993,4.816886642000043],[-74.08278067499992,4.817981153000062],[-74.08221675099992,4.818893992000085],[-74.08230951399992,4.819535884000061],[-74.08342391899993,4.8221422440000765],[-74.08499919299993,4.821135525000045],[-74.08656506799991,4.821029002000046],[-74.08712020599995,4.816016784000055],[-74.08692478899991,4.81549537300009],[-74.08604940599992,4.815055882000081],[-74.08316726499993,4.814333898000086],[-74.08290864899993,4.813640623000083],[-74.08494756099992,4.812982686000055],[-74.08468289199993,4.812117578000084],[-74.08243972399993,4.8108781470000395],[-74.08004312499992,4.809988863000058],[-74.0797503309999,4.809376053000051],[-74.07994858399991,4.808509809000043],[-74.08125502599995,4.8074005510000575],[-74.0819061979999,4.807232841000086],[-74.0884762359999,4.8033086780000644],[-74.08877262399994,4.802900941000075],[-74.08758296299993,4.802502183000058],[-74.08709622299995,4.8020617410000455],[-74.08710120499995,4.80170052200009],[-74.08899803899993,4.801386859000047],[-74.08831874999993,4.799106409000046],[-74.08859674699994,4.798171238000066],[-74.08927566999995,4.797596475000091],[-74.0900591539999,4.797835650000081],[-74.0907960639999,4.797644790000049],[-74.09151518899995,4.797178799000051],[-74.09157127799995,4.796685689000071],[-74.08970129099993,4.796173630000055],[-74.08725650399992,4.79680957700009],[-74.08717519099991,4.796213435000084],[-74.0899070019999,4.793484232000083],[-74.09350208899991,4.7908906840000895],[-74.09387343499992,4.790798254000038],[-74.0940168699999,4.791067356000042],[-74.09588406499995,4.795621505000042],[-74.09606895099995,4.799238808000041],[-74.09793651599995,4.7986041340000725],[-74.10070958499995,4.799114088000067],[-74.10130865699995,4.798625540000046],[-74.10202977699993,4.796439513000053],[-74.1027587559999,4.795245370000089],[-74.10349525399994,4.794882580000092],[-74.1038613419999,4.795007891000068],[-74.10279604499993,4.796627053000066],[-74.1027799869999,4.7971544830000425],[-74.10317491099994,4.797417397000061],[-74.10466061999995,4.79729963200009],[-74.10524844399993,4.796873996000045],[-74.1076156609999,4.792047022000077],[-74.10804874699994,4.788846904000081],[-74.11162288699995,4.78720504000006],[-74.11238793099994,4.789433747000089],[-74.11054785199991,4.789523754000072],[-74.11005122499995,4.789828636000038],[-74.11004094399993,4.790339004000089],[-74.11042449199994,4.790647720000038],[-74.11231038799991,4.790603546000057],[-74.11294971199993,4.790229441000065],[-74.11435404899993,4.786889538000082],[-74.11417044399991,4.786540159000083],[-74.11232257799992,4.785638261000088],[-74.11209894699994,4.785340687000087],[-74.11225144199994,4.784474621000072],[-74.11304042099994,4.78461623700008],[-74.1143342279999,4.785605305000047],[-74.11475149799992,4.785638784000071],[-74.11495661599992,4.785357390000058],[-74.11436683699992,4.782245450000062],[-74.11698785099992,4.781179025000085],[-74.11719827899992,4.780696969000076],[-74.11713459499992,4.780290085000047],[-74.11471266699994,4.780925988000092],[-74.11438044699992,4.780594213000086],[-74.11434506599994,4.780061052000065],[-74.1150630059999,4.779056091000086],[-74.11688427799993,4.7781921230000535],[-74.11718564599994,4.77750343200006],[-74.11582016599993,4.777695698000059],[-74.11466189099991,4.778592629000059],[-74.11391345299995,4.778697449000049],[-74.1138836529999,4.778118457000062],[-74.11437839699994,4.776982137000061],[-74.11509709199993,4.773718310000049],[-74.11652308599992,4.772436605000053],[-74.11660799099991,4.77204077600004],[-74.11487685199995,4.772308337000084],[-74.11434463899991,4.771982697000055],[-74.11469025399992,4.770565786000077],[-74.11582476899991,4.76929619100008],[-74.11773658099992,4.768030665000083],[-74.11829963399992,4.766779558000053],[-74.11767603099992,4.766465680000067],[-74.11714494799992,4.766690371000038],[-74.11570193499995,4.767989245000081],[-74.11541269599991,4.766378777000057],[-74.11682643299991,4.761786494000091],[-74.12012767899995,4.761151061000078],[-74.12123917699995,4.7598185210000565],[-74.12024441499995,4.754402677000087],[-74.12040967399992,4.754195864000053],[-74.12523832099993,4.753973164000058],[-74.12542007999991,4.753462442000057],[-74.12420572299993,4.752180783000085],[-74.12324063699992,4.749912475000087],[-74.1225044119999,4.747752649000063],[-74.12268049399995,4.747264889000064],[-74.12338382699994,4.747418139000047],[-74.12428104799994,4.750036359000092],[-74.12605424399993,4.750743406000083],[-74.12725405799995,4.750637601000051],[-74.12757694599992,4.7493124320000675],[-74.12614295399993,4.749493346000065],[-74.12585670699991,4.749264637000067],[-74.12544884999994,4.748307977000081],[-74.12557179899994,4.747063614000069],[-74.12741001299992,4.746153684000092],[-74.12908491799993,4.746344929000088],[-74.13006695799993,4.745918482000093],[-74.13072939099993,4.743113385000072],[-74.13186230399992,4.741092746000049],[-74.13198621899994,4.740284082000073],[-74.13167646599993,4.739745773000038],[-74.1296517319999,4.738993445000062],[-74.12922551499992,4.737469290000092],[-74.12737994499992,4.737305030000073],[-74.12741670499992,4.7388462780000395],[-74.12677582899994,4.7396646040000405],[-74.12612961899993,4.740017823000073],[-74.1254456879999,4.740118573000075],[-74.12069025999995,4.7394368060000716],[-74.12059910499994,4.737878133000038],[-74.11964971499992,4.736823369000092],[-74.11864532499993,4.736299102000089],[-74.11693461699991,4.736015332000079],[-74.11601416299993,4.735018120000063],[-74.1146030459999,4.73469459800009],[-74.11413297099995,4.733476790000054],[-74.11402633799992,4.732050743000059],[-74.11331279799992,4.731798446000084],[-74.11130959699994,4.72971113400007],[-74.10998606299995,4.729338176000056],[-74.10868487399995,4.72742695900007],[-74.1066031769999,4.725873661000094],[-74.10485818599994,4.7260962800000925],[-74.10409179299995,4.72582377100008],[-74.10398191899992,4.723754510000049],[-74.10285559199991,4.722983039000042],[-74.10214253499993,4.722097616000042],[-74.10046709499994,4.72139523900006],[-74.10036767999992,4.71895204000009],[-74.09984285599995,4.717998338000086],[-74.09885843099994,4.717460061000054],[-74.09829853699995,4.717664394000053],[-74.09668445699992,4.71738001600005],[-74.09524251699992,4.715831540000067],[-74.0944552919999,4.714026339000043],[-74.09351038799991,4.713193854000053],[-74.09360819299991,4.711977210000043],[-74.09335076499991,4.711359257000083],[-74.09225468099993,4.71039928600004],[-74.09122190799991,4.710709924000071],[-74.09087251699992,4.710497396000051],[-74.09046503699994,4.7096924260000605],[-74.09048878199991,4.708651480000071],[-74.08967757599993,4.708416594000084],[-74.0897373219999,4.707021839000049],[-74.0879885789999,4.7056541070000435],[-74.08785136199992,4.704453828000055],[-74.08810824499994,4.704070311000066],[-74.08848532199994,4.700929563000045],[-74.0882767459999,4.700351866000062],[-74.08853913399992,4.699794059000055],[-74.08836863099992,4.6985303550000594],[-74.08775526799991,4.69858001700004],[-74.08731975899991,4.698073554000075],[-74.08589032799995,4.697336139000072],[-74.0853793359999,4.696388994000074],[-74.08514493699994,4.695016600000088],[-74.08467227999995,4.69437348200006],[-74.08242786999995,4.693437888000062],[-74.08094843399994,4.693143741000085],[-74.08038364599992,4.691812836000054],[-74.08027509999994,4.690559239000038],[-74.07945421499994,4.68953840100005],[-74.07883650199994,4.6875370870000665],[-74.07732779199995,4.685359689000052],[-74.07274906099991,4.688753629000075],[-74.07115508499993,4.68935541400009],[-74.06908715899993,4.689659400000039],[-74.06545401099993,4.689104934000056],[-74.0572470319999,4.686836296000081],[-74.04683539799993,4.748819926000067],[-74.04672911499995,4.7510469960000705],[-74.04213596699992,4.777017083000089],[-74.03508239599995,4.820499262000055],[-74.03500625999993,4.823139531000038],[-74.03449735599992,4.825469352000084]]]},"properties":{"LocNombre":"SUBA","LocCodigo":"11"}}
]}